# Blender 5.0.1
# www.blender.org
mtllib curvePlatform.mtl
o 立方体.009
v -3.327210 1.155188 -0.036094
v -3.496760 9.324428 6.552636
v 3.245988 1.192054 0.066367
v 3.079050 9.323852 6.552003
v -3.293559 -0.845221 0.111792
v -3.496767 9.325506 8.553881
v 3.279128 -0.805382 0.230410
v 3.079041 9.325504 8.553883
v -0.040615 1.173597 0.015245
v -3.482818 4.121072 5.035182
v -0.208856 9.324141 6.552322
v 3.092341 4.171805 5.079866
v 3.262335 0.190259 0.147534
v 3.079041 9.325506 7.553882
v 3.088435 2.873660 6.604893
v -0.007219 -0.825362 0.171204
v -0.208863 9.325507 8.553881
v -3.486564 2.811600 6.550678
v -3.310611 0.152143 0.037248
v -3.496767 9.325506 7.553883
v -0.208863 9.325505 7.553882
v -0.024142 0.171174 0.092494
v -3.484777 3.474263 5.799356
v -0.199068 2.842661 6.577889
v 3.090304 3.530836 5.848863
v -0.195241 4.146483 5.057624
v -1.683913 1.164386 -0.010398
v -3.504561 6.856656 6.316424
v 1.435097 9.323997 6.552160
v 3.153318 2.184284 2.890695
v 3.254106 0.690317 0.106671
v 3.079041 9.325505 8.053883
v 3.163276 0.428121 3.833394
v 1.635954 -0.815386 0.200831
v -1.852815 9.325507 8.553881
v -3.410539 0.373036 3.745723
v -3.302144 -0.346833 0.074798
v -3.496767 9.325505 7.053881
v 1.602686 1.182821 0.040829
v -3.420865 2.135789 2.815953
v -1.852808 9.324286 6.552480
v 3.071376 6.899181 6.332076
v 3.270673 -0.308090 0.188964
v 3.079041 9.325505 7.053880
v 3.065237 6.275582 8.228148
v -1.650391 -0.835303 0.141527
v 1.435089 9.325504 8.553884
v -3.510771 6.216947 8.207094
v -3.318965 0.652823 0.000289
v -3.496767 9.325505 8.053883
v -1.852815 9.325506 7.553882
v 1.435089 9.325507 7.553882
v -0.208863 9.325504 8.053883
v -0.208863 9.325506 7.053881
v -1.667377 0.161649 0.064898
v 1.619095 0.180708 0.120044
v -0.032433 0.671546 0.053586
v -0.015739 -0.327490 0.131992
v -3.483819 3.799711 5.418907
v -3.485692 3.144853 6.176587
v -3.415868 1.254327 3.283157
v -3.507651 6.553085 7.269042
v -1.842816 2.827137 6.564312
v 1.444683 2.858166 6.591422
v -0.123636 0.400577 3.789674
v -0.222769 6.246335 8.217710
v 3.089347 3.204211 6.228472
v 3.091301 3.853406 5.466019
v 3.158133 1.306235 3.364449
v 3.068323 6.603804 7.287341
v 1.448549 4.159158 5.068767
v -1.839030 4.133790 5.046424
v -0.133776 2.160050 2.853429
v -0.216593 6.878001 6.324325
v -1.860578 6.867347 6.320394
v -1.777321 2.147920 2.834720
v 1.509770 2.172168 2.872091
v 3.069855 6.755658 6.811490
v 3.155686 1.745311 3.128207
v 3.160663 0.867141 3.599489
v 1.421234 6.260976 8.222950
v 1.519819 0.414346 3.811565
v -1.767088 0.386807 3.767723
v -3.509207 6.389032 7.739911
v -3.413245 0.813617 3.514983
v -3.418407 1.695082 3.050169
v 1.627467 -0.317802 0.160506
v 1.610835 0.680926 0.080157
v -1.675701 0.662176 0.026967
v 1.435089 9.325506 7.053881
v 1.435089 9.325505 8.053883
v -1.852815 9.325505 8.053883
v -1.852815 9.325507 7.053882
v -1.658942 -0.337167 0.103421
v -3.506102 6.708998 6.794532
v -1.866770 6.231657 8.212425
v 3.066784 6.443744 7.759574
v 1.427392 6.888611 6.328216
v -2.505561 1.159785 -0.023237
v -3.499854 8.389830 6.538960
v 2.257074 9.323919 6.552083
v 3.196498 1.551418 1.533515
v 3.250034 0.940975 0.086458
v 3.079041 9.325505 8.303883
v 3.217114 -0.353081 2.108592
v 2.457541 -0.810386 0.215622
v -2.674792 9.325506 8.553880
v -3.356117 -0.401420 2.005010
v -3.297868 -0.595669 0.093801
v -3.496767 9.325507 6.803882
v 0.781036 1.178208 0.028043
v -3.456515 3.016283 4.026844
v -1.030832 9.324210 6.552399
v 3.076640 5.463702 5.837381
v 3.266490 -0.059132 0.168178
v 3.079041 9.325506 7.303881
v 3.070109 4.476340 7.574387
v -0.828805 -0.830334 0.156374
v 0.613113 9.325507 8.553880
v -3.505428 4.414483 7.536887
v -3.314802 0.402272 0.018697
v -3.496767 9.325505 7.803883
v -2.674791 9.325506 7.553883
v 0.613113 9.325505 7.553882
v -0.208863 9.325505 8.303883
v -0.208863 9.325507 7.303882
v -2.488994 0.156893 0.051081
v 0.797477 0.175940 0.106276
v -0.036537 0.922363 0.034347
v -0.019954 -0.078378 0.112172
v -3.483324 3.960913 5.227456
v -3.485240 3.310045 5.988371
v -3.366847 0.550567 1.724990
v -3.502224 4.927450 6.679708
v -2.664690 2.819369 6.557500
v 0.622807 2.850419 6.584659
v -0.069506 -0.377263 2.056913
v -0.217662 4.445465 7.555733
v 3.088886 3.039420 6.417075
v 3.090797 3.692635 5.657851
v 3.206608 0.596724 1.821440
v 3.073339 4.982567 6.713412
v 2.270444 4.165484 5.074323
v -1.017136 4.140141 5.052031
v -0.090346 1.529488 1.489040
v -0.211153 5.439745 5.822526
v -0.862264 1.168993 0.002426
v -3.498943 5.415664 5.807487
v 0.613121 9.324071 6.552240
v 3.118169 3.067108 4.086597
v 3.258205 0.440077 0.127031
v 3.079041 9.325507 7.803883
v 3.119833 1.512923 5.346836
v 0.814367 -0.820377 0.186023
v -1.030839 9.325507 8.553881
v -3.454582 1.453228 5.275790
v -3.306391 -0.097561 0.055949
v -3.496767 9.325506 7.303882
v 2.424337 1.187432 0.053609
v -3.377182 1.507572 1.444345
v -2.674785 9.324358 6.552558
v 3.076353 8.423879 6.541203
v 3.274885 -0.556615 0.209902
v 3.079041 9.325507 6.803881
v 3.073546 8.218001 8.541401
v -2.471975 -0.840265 0.126665
v 2.257065 9.325506 8.553880
v -3.502845 8.166232 8.536927
v -3.323102 0.903796 -0.017970
v -3.496767 9.325507 8.303881
v -1.030839 9.325505 7.553882
v 2.257065 9.325506 7.553882
v -0.208863 9.325505 7.803883
v -0.208863 9.325506 6.803880
v -0.845760 0.166410 0.078705
v 2.440715 0.185477 0.133800
v -0.028301 0.421149 0.072970
v -0.011496 -0.576171 0.151963
v -3.484303 3.637492 5.609534
v -3.486133 2.978696 6.364025
v -3.455677 2.238323 4.655825
v -3.501268 8.293192 7.542489
v -1.020942 2.834900 6.571109
v 2.266558 2.865918 6.598160
v -0.167378 1.483091 5.311419
v -0.214651 8.192207 8.539246
v 3.089820 3.368018 6.039073
v 3.091816 4.013137 5.273360
v 3.118875 2.293742 4.721308
v 3.075032 8.336236 7.545918
v 0.626654 4.152824 5.063202
v -2.660924 4.127436 5.040810
v -0.169175 3.041725 4.056823
v -0.211751 8.406950 6.540145
v -1.038585 6.872680 6.322361
v -2.682569 6.862002 6.318416
v -1.855048 5.427722 5.815028
v -1.855803 8.398412 6.539569
v -0.955549 2.153983 2.844083
v -2.599093 2.141853 2.825345
v -1.733765 1.518529 1.466716
v -1.812846 3.029013 4.041860
v 2.331544 2.178225 2.881399
v 0.687997 2.166107 2.862766
v 1.553075 1.540453 1.511304
v 1.474497 3.054424 4.071733
v 3.069090 6.680761 7.049869
v 3.070617 6.828465 6.572225
v 3.074981 5.226330 6.277295
v 3.075711 8.385003 7.044942
v 3.156900 1.525782 3.246482
v 3.154491 1.964817 3.009616
v 3.201503 1.073490 1.677598
v 3.118490 2.681408 4.405143
v 3.161959 0.647617 3.716576
v 3.159388 1.086686 3.482113
v 3.211812 0.121181 1.965083
v 3.119322 1.904207 5.035182
v 0.599233 6.253658 8.220334
v 2.243235 6.268281 8.225559
v 1.426223 4.460913 7.565084
v 1.429447 8.205127 8.540346
v 0.698092 0.407462 3.800625
v 2.341548 0.421234 3.822484
v 1.573803 -0.365175 2.082779
v 1.476227 1.498014 5.329150
v -2.588815 0.379920 3.756734
v -0.945362 0.393691 3.778705
v -1.712813 -0.389345 2.030990
v -1.810981 1.468163 5.293630
v -3.508429 6.472069 7.504930
v -3.509988 6.303987 7.973963
v -3.503835 4.673999 7.110165
v -3.502031 8.232009 8.039914
v -3.414567 1.033961 3.399208
v -3.411903 0.593301 3.630485
v -3.361532 0.073917 1.865058
v -3.455162 1.846611 4.966895
v -3.419646 1.915447 2.933219
v -3.417148 1.474703 3.166814
v -3.372063 1.028476 1.584766
v -3.456127 2.628250 4.342502
v 0.805864 -0.322649 0.146255
v 2.449069 -0.312950 0.174746
v 1.623267 -0.068760 0.140202
v 1.631694 -0.566403 0.180960
v 0.789201 0.676230 0.066882
v 2.432470 0.685619 0.093422
v 1.606747 0.931665 0.060428
v 1.614951 0.430604 0.100028
v -2.497333 0.657497 0.013636
v -0.854067 0.666858 0.040287
v -1.679821 0.913073 0.008212
v -1.671553 0.411700 0.045860
v 0.613113 9.325506 7.053881
v 2.257064 9.325506 7.053880
v 1.435089 9.325506 7.303881
v 1.435089 9.325505 6.803880
v 0.613113 9.325506 8.053883
v 2.257065 9.325505 8.053883
v 1.435089 9.325504 8.303883
v 1.435089 9.325505 7.803882
v -2.674791 9.325505 8.053883
v -1.030839 9.325506 8.053884
v -1.852815 9.325505 8.303884
v -1.852815 9.325506 7.803883
v -2.674791 9.325505 7.053881
v -1.030839 9.325507 7.053882
v -1.852815 9.325505 7.303882
v -1.852815 9.325506 6.803881
v -2.480543 -0.342003 0.089120
v -0.837341 -0.332331 0.117712
v -1.663174 -0.087976 0.084087
v -1.654683 -0.585926 0.122909
v -3.505330 6.783864 6.555921
v -3.506876 6.632066 7.032241
v -3.500592 5.174714 6.245487
v -3.500543 8.346414 7.042112
v -2.688771 6.224305 8.209766
v -1.044769 6.238999 8.215075
v -1.861546 4.429985 7.546334
v -1.858748 8.179243 8.538107
v 3.066011 6.360669 7.994319
v 3.067555 6.524792 7.523913
v 3.071715 4.732526 7.145776
v 3.074315 8.279418 8.043844
v 2.249384 6.893904 6.330151
v 0.605399 6.883307 6.326281
v 1.432744 5.451741 5.829975
v 1.432301 8.415436 6.540695
v 0.610275 8.411197 6.540425
v 0.610795 5.445747 5.826253
v 2.254693 5.457726 5.833683
v 3.074680 8.308402 7.794925
v 3.072525 4.858317 6.930072
v 3.070910 4.605193 7.360548
v -1.036700 8.185733 8.538681
v -1.039604 4.437729 7.551038
v -2.683487 4.422238 7.541615
v -3.500902 8.321083 7.292737
v -3.501410 5.051863 6.463067
v -3.499770 5.295984 6.026963
v -0.833090 -0.581052 0.137441
v -0.841564 -0.083178 0.098133
v -2.484783 -0.092770 0.070024
v -1.030839 9.325506 6.803880
v -1.030839 9.325505 7.303881
v -2.674791 9.325505 7.303882
v -1.030839 9.325506 7.803883
v -1.030839 9.325507 8.303880
v -2.674792 9.325507 8.303881
v 2.257065 9.325505 7.803882
v 2.257065 9.325506 8.303884
v 0.613113 9.325504 8.303883
v 2.257065 9.325507 6.803881
v 2.257065 9.325506 7.303881
v 0.613113 9.325506 7.303882
v -0.849927 0.416422 0.059421
v -0.858180 0.917717 0.021286
v -2.501461 0.908432 -0.004874
v 2.436579 0.435341 0.113536
v 2.428390 0.936318 0.073446
v 0.785104 0.927011 0.047395
v 2.453290 -0.561514 0.195440
v 2.444878 -0.063948 0.154196
v 0.801656 -0.073568 0.126192
v -3.455911 2.433512 4.499455
v -3.369467 0.789370 1.654901
v -3.374635 1.267876 1.514586
v -3.454880 1.650120 5.121613
v -3.358837 -0.163919 1.935048
v -3.364202 0.312085 1.795040
v -3.502432 8.199694 8.288476
v -3.504634 4.544992 7.323990
v -3.503032 4.801492 6.895405
v -0.989180 1.475626 5.302536
v -0.891159 -0.383304 2.043959
v -2.534465 -0.395381 2.018010
v 2.298029 1.505469 5.338001
v 2.395458 -0.359129 2.095694
v 0.752148 -0.371219 2.069855
v 2.251496 8.211569 8.540878
v 2.248165 4.468628 7.569743
v 0.604280 4.453192 7.560412
v 3.119091 2.099199 4.878527
v 3.209198 0.358796 1.893282
v 3.214450 -0.116115 2.036853
v 3.118322 2.874511 4.246171
v 3.198988 1.312313 1.605592
v 3.204045 0.834958 1.749545
v 3.076036 8.405655 6.793382
v 3.075809 5.345822 6.057810
v 3.074158 5.105240 6.495824
v 0.652661 3.048081 4.064282
v 0.731364 1.534968 1.500180
v 2.374786 1.545932 1.522419
v -2.634681 3.022650 4.034360
v -2.555473 1.513048 1.455539
v -0.912056 1.524007 1.477891
v -2.677829 8.394125 6.539272
v -2.676995 5.421698 5.811266
v -1.033100 5.433735 5.818785
v -1.033777 8.402688 6.539862
v -0.991011 3.035371 4.049347
v 2.296333 3.060769 4.079167
v 3.075376 8.361928 7.295887
v 3.118675 2.487813 4.563518
v 3.119569 1.708777 5.191279
v 0.607398 8.198672 8.539801
v 0.654424 1.490553 5.320292
v -2.632782 1.460696 5.284717
v -3.501643 8.263174 7.791251
v -3.455427 2.042681 4.811638
v -3.456329 2.822512 4.184969
v 0.810099 -0.571287 0.166464
v 0.793324 0.425874 0.086505
v -2.493178 0.406983 0.032284
v 0.613113 9.325507 6.803881
v 0.613113 9.325505 7.803882
v -2.674791 9.325506 7.803884
v -2.674791 9.325507 6.803881
v -2.476276 -0.590800 0.108363
v -3.500194 8.369330 6.790850
v -2.680797 8.172744 8.537523
v 3.073936 8.249282 8.292672
v 2.254327 8.419661 6.540953
v -2.916385 1.157487 -0.029661
v -3.496738 8.980494 6.548330
v 2.668063 9.323885 6.552043
v 3.220575 1.336219 0.810074
v 3.248006 1.066461 0.076396
v 3.079041 9.325506 8.428884
v 3.247257 -0.621730 1.184594
v 2.868335 -0.807883 0.223015
v -3.085779 9.325506 8.553883
v -3.325696 -0.665874 1.073562
v -3.295718 -0.720335 0.103003
v -3.496767 9.325506 6.678881
v 0.370211 1.175901 0.021648
v -3.470898 3.542619 4.558592
v -0.619844 9.324178 6.552360
v 3.083194 4.796844 5.489902
v 3.264408 0.065509 0.157839
v 3.079042 9.325506 7.428882
v 3.077600 3.647271 7.127490
v -0.418012 -0.827848 0.163789
v 0.202125 9.325505 8.553881
v -3.497676 3.584967 7.081656
v -3.312710 0.277150 0.027952
v -3.496767 9.325507 7.678883
v -3.085779 9.325506 7.553880
v 0.202125 9.325507 7.553880
v -0.208863 9.325505 8.428884
v -0.208863 9.325505 7.428881
v -2.899802 0.154518 0.044163
v 0.386667 0.173555 0.099389
v -0.038579 1.047927 0.024777
v -0.022052 0.046344 0.102316
v -3.483073 4.041126 5.131423
v -3.485009 3.392276 5.893966
v -3.339489 0.311689 0.893295
v -3.494993 4.176224 6.274272
v -3.075627 2.815485 6.554092
v 0.211870 2.846539 6.581280
v -0.039224 -0.643827 1.129189
v -0.210041 3.616158 7.104677
v 3.088659 2.956658 6.511084
v 3.090549 3.611864 5.753458
v 3.233705 0.354118 0.996877
v 3.080336 4.232409 6.315846
v 2.681392 4.168646 5.077100
v -0.606189 4.143312 5.054832
v -0.066144 1.315877 0.762180
v -0.204498 4.772035 5.471379
v -1.273088 1.166687 -0.003983
v -3.503066 6.120980 6.096402
v 1.024109 9.324032 6.552202
v 3.134650 2.596084 3.511602
v 3.256153 0.565144 0.116837
v 3.079041 9.325505 7.928882
v 3.140138 0.934212 4.619592
v 1.225161 -0.817885 0.193432
v -1.441827 9.325505 8.553883
v -3.433978 0.876555 4.540179
v -3.304271 -0.222251 0.065358
v -3.496767 9.325506 7.178882
v 2.013512 1.185128 0.047220
v -3.399927 1.788588 2.147242
v -2.263796 9.324318 6.552519
v 3.072617 7.654223 6.473609
v 3.272776 -0.432408 0.199413
v 3.079041 9.325507 6.928881
v 3.067789 7.230680 8.428797
v -2.061182 -0.837786 0.134099
v 1.846077 9.325507 8.553882
v -3.508421 7.174825 8.415726
v -3.321037 0.778259 -0.008861
v -3.496767 9.325505 8.178884
v -1.441827 9.325507 7.553881
v 1.846076 9.325507 7.553880
v -0.208863 9.325506 7.928883
v -0.208863 9.325506 6.928881
v -1.256569 0.164030 0.071802
v 2.029904 0.183095 0.126919
v -0.030371 0.546295 0.063260
v -0.013621 -0.451884 0.141957
v -3.484062 3.718728 5.514323
v -3.485914 3.061891 6.270407
v -3.437030 1.712956 3.995668
v -3.505901 7.413061 7.446798
v -1.431879 2.831019 6.567711
v 1.855621 2.862042 6.594794
v -0.146923 0.905392 4.580000
v -0.220317 7.202786 8.422290
v 3.089583 3.286241 6.133868
v 3.091556 3.933403 5.369793
v 3.137248 1.766905 4.069104
v 3.070248 7.460385 7.457603
v 1.037602 4.155992 5.065987
v -2.249978 4.130613 5.043620
v -0.152572 2.571124 3.478070
v -0.215426 7.634979 6.469269
v -0.627589 6.875339 6.323351
v -2.271573 6.864678 6.319403
v -1.848342 4.759591 5.462049
v -1.859447 7.625290 6.467044
v -0.544663 2.157017 2.848756
v -2.188207 2.144889 2.830033
v -1.709502 1.305720 0.738149
v -1.796180 2.558632 3.461221
v 2.742431 2.181258 2.886045
v 1.098884 2.169137 2.867428
v 1.577214 1.326044 0.786153
v 1.491039 2.583608 3.494864
v 3.068707 6.642546 7.168713
v 3.070237 6.792321 6.691968
v 3.081750 4.517279 5.904680
v 3.071444 7.561850 6.967178
v 3.157513 1.416010 3.305504
v 3.155085 1.855070 3.068950
v 3.227088 0.844409 0.903374
v 3.135912 2.181981 3.791269
v 3.162616 0.537863 3.775017
v 3.160023 0.976910 3.540838
v 3.240429 -0.134609 1.090607
v 3.138657 1.350946 4.345186
v 0.188232 6.249999 8.219023
v 1.832235 6.264627 8.224257
v 1.433779 3.631725 7.116108
v 1.423735 7.216729 8.425534
v 0.287228 0.404022 3.795146
v 1.930683 0.417793 3.817024
v 1.604015 -0.632785 1.156921
v 1.496606 0.919806 4.599824
v -2.999677 0.376477 3.751226
v -1.356226 0.390250 3.773217
v -1.682462 -0.654852 1.101397
v -1.790452 0.890975 4.560119
v -3.508039 6.512832 7.387103
v -3.509598 6.346759 7.857052
v -3.496351 3.883075 6.679721
v -3.507151 7.298362 7.932934
v -3.415220 1.144142 3.341221
v -3.412577 0.703455 3.572767
v -3.332646 -0.177901 0.983278
v -3.435541 1.295110 4.268741
v -3.420258 2.025622 2.874623
v -3.417780 1.584893 3.108533
v -3.346226 0.802861 0.803574
v -3.438444 2.129994 3.720891
v 0.395063 -0.325068 0.139124
v 2.038268 -0.315375 0.167626
v 1.621178 0.055921 0.130105
v 1.629578 -0.442154 0.170713
v 0.378384 0.673891 0.060231
v 2.021653 0.683272 0.086790
v 1.604714 1.057188 0.050611
v 1.612889 0.555712 0.090077
v -2.908149 0.655163 0.006960
v -1.264884 0.664517 0.033625
v -1.681870 1.038678 -0.001110
v -1.673630 0.536885 0.036395
v 0.202125 9.325505 7.053882
v 1.846077 9.325505 7.053883
v 1.435089 9.325506 7.428882
v 1.435089 9.325507 6.928882
v 0.202125 9.325506 8.053881
v 1.846076 9.325507 8.053882
v 1.435089 9.325506 8.428885
v 1.435089 9.325506 7.928882
v -3.085779 9.325505 8.053881
v -1.441827 9.325507 8.053882
v -1.852815 9.325505 8.428884
v -1.852815 9.325506 7.928883
v -3.085779 9.325507 7.053880
v -1.441827 9.325505 7.053883
v -1.852815 9.325506 7.428882
v -1.852815 9.325506 6.928881
v -2.891344 -0.344419 0.081963
v -1.248141 -0.334749 0.110568
v -1.665279 0.036783 0.074472
v -1.656816 -0.461602 0.113143
v -3.504945 6.820519 6.436283
v -3.506488 6.670791 6.913492
v -3.493604 4.464280 5.865266
v -3.504673 7.518827 6.957388
v -3.099771 6.220628 8.208431
v -1.455770 6.235327 8.213752
v -1.853860 3.600570 7.093192
v -1.864370 7.188827 8.419026
v 3.065625 6.318377 8.111347
v 3.067169 6.484522 7.641859
v 3.078951 3.942365 6.723436
v 3.069030 7.349932 7.944795
v 2.660382 6.896544 6.331112
v 1.016396 6.885958 6.327252
v 1.439347 4.784456 5.480664
v 1.428595 7.644622 6.471458
v -2.094737 1.162084 -0.016814
v -3.503467 7.615559 6.464786
v 1.846085 9.323958 6.552123
v 3.174003 1.835047 2.229300
v 3.252065 0.815595 0.096547
v 3.079041 9.325505 8.178883
v 3.189021 -0.002051 2.994121
v 2.046747 -0.812888 0.208230
v -2.263803 9.325506 8.553883
v -3.384498 -0.054031 2.898367
v -3.300010 -0.471304 0.084281
v -3.496767 9.325505 6.928881
v 1.191860 1.180512 0.034442
v -3.439787 2.546131 3.444319
v -1.441820 9.324250 6.552438
v 3.072705 6.166630 6.119087
v 3.268579 -0.183667 0.178555
v 3.079041 9.325507 7.178882
v 3.065994 5.354798 7.942324
v -1.239598 -0.832820 0.148950
v 1.024101 9.325507 8.553883
v -3.509790 5.294144 7.913087
v -3.316888 0.527491 0.009475
v -3.496767 9.325505 7.928883
v -2.263803 9.325506 7.553880
v 1.024101 9.325505 7.553884
v -0.208863 9.325506 8.178884
v -0.208863 9.325506 7.178882
v -2.078186 0.159271 0.057987
v 1.208286 0.178323 0.113162
v -0.034489 0.796900 0.043951
v -0.017850 -0.202988 0.122063
v -3.483573 3.880439 5.323284
v -3.485467 3.227568 6.082580
v -3.392395 0.865803 2.524073
v -3.506440 5.721999 7.012338
v -2.253753 2.823252 6.560908
v 1.033745 2.854292 6.588043
v -0.097742 -0.028049 2.946358
v -0.221901 5.324532 7.927798
v 3.089116 3.121936 6.322875
v 3.091049 3.773150 5.562037
v 3.181331 0.915113 2.613064
v 3.069339 5.775302 7.038283
v 1.859497 4.162323 5.071546
v -1.428083 4.136967 5.049228
v -0.112966 1.811817 2.188385
v -0.215182 6.143875 6.107829
v -0.451439 1.171294 0.008837
v -3.492186 4.747121 5.452665
v 0.202133 9.324104 6.552280
v 3.104028 3.593708 4.610799
v 3.260267 0.315113 0.137264
v 3.079041 9.325505 7.678881
v 3.102548 2.160717 6.010059
v 0.403574 -0.822868 0.178615
v -0.619851 9.325505 8.553882
v -3.472161 2.099540 5.947428
v -3.308504 0.027236 0.046579
v -3.496767 9.325506 7.428882
v 2.835162 1.189743 0.059993
v -3.352858 1.295569 0.714069
v -3.085773 9.324392 6.552598
v 3.079073 8.979900 6.547842
v 3.277002 -0.680714 0.220426
v 3.079041 9.325507 6.678880
v 3.079041 8.986121 8.553883
v -2.882767 -0.842745 0.119235
v 2.668053 9.325506 8.553882
v -3.496767 8.986120 8.553883
v -3.325159 1.029445 -0.027050
v -3.496767 9.325506 8.428881
v -0.619851 9.325507 7.553881
v 2.668053 9.325505 7.553883
v -0.208863 9.325506 7.678882
v -0.208863 9.325507 6.678881
v -0.434951 0.168791 0.085604
v 2.851525 0.187869 0.140667
v -0.026225 0.296104 0.082716
v -0.009362 -0.700513 0.161868
v -3.484541 3.556004 5.704545
v -3.486350 2.895266 6.457446
v -3.471638 2.826772 5.258548
v -3.496767 8.986122 7.553881
v -0.610005 2.838779 6.574505
v 2.677497 2.869791 6.601526
v -0.184809 2.130150 5.978852
v -0.208863 8.986121 8.553883
v 3.090061 3.449553 5.944070
v 3.092077 4.092605 5.176715
v 3.103182 2.883076 5.316040
v 3.079041 8.986122 7.553880
v 0.215707 4.149656 5.060412
v -3.071872 4.124256 5.037999
v -0.183437 3.568199 4.584799
v -0.208833 8.980202 6.548084
v -1.449582 6.870013 6.321380
v -3.093565 6.859333 6.317420
v -1.859124 6.132451 6.102136
v -1.852786 8.980349 6.548206
v -1.366435 2.150953 2.839402
v -3.009979 2.138822 2.820649
v -1.756448 1.800202 2.167841
v -1.827169 3.555418 4.571720
v 1.920658 2.175196 2.876742
v 0.277111 2.163080 2.858101
v 1.530517 1.823428 2.208876
v 1.460295 3.580963 4.597824
v 3.069473 6.718471 6.930787
v 3.070998 6.864086 6.452261
v 3.071020 5.974671 6.580574
v 3.079041 8.986121 7.053884
v 3.156289 1.635551 3.187384
v 3.153902 2.074557 2.950194
v 3.177621 1.374770 2.421550
v 3.103579 3.239916 4.964859
v 3.161309 0.757377 3.658064
v 3.158758 1.196458 3.423319
v 3.185131 0.456147 2.803902
v 3.102840 2.523302 5.664414
v 1.010234 6.257318 8.221645
v 2.654236 6.271935 8.226852
v 1.422045 5.339682 7.935080
v 1.435089 8.986121 8.553882
v 1.108956 0.410905 3.806096
v 2.752413 0.424680 3.827938
v 1.545639 -0.015054 2.970275
v 1.458869 2.145438 5.994482
v -2.177952 0.383365 3.762225
v -0.534498 0.397135 3.784190
v -1.741121 -0.041042 2.922392
v -1.828486 2.114851 5.963169
v -3.508818 6.430802 7.622539
v -3.510379 6.260715 8.090645
v -3.508118 5.511620 7.464619
v -3.496767 8.986121 8.053882
v -3.413910 0.923784 3.457132
v -3.411224 0.483163 3.688134
v -3.388491 0.405481 2.711506
v -3.471927 2.464520 5.604333
v -3.419029 1.805264 2.991736
v -3.416510 1.364514 3.225024
v -3.396207 1.326863 2.336010
v -3.471295 3.186175 4.909995
v 1.216665 -0.320222 0.153380
v 2.859872 -0.310519 0.181859
v 1.625363 -0.193333 0.150338
v 1.633818 -0.690563 0.191219
v 1.200019 0.678581 0.073516
v 2.843289 0.687969 0.100047
v 1.608787 0.806242 0.070278
v 1.617020 0.305604 0.110018
v -2.086517 0.659839 0.020298
v -0.443250 0.669201 0.046935
v -1.677764 0.787573 0.017572
v -1.669469 0.286623 0.055359
v 1.024101 9.325506 7.053883
v 2.668053 9.325505 7.053883
v 1.435089 9.325506 7.178881
v 1.435089 9.325507 6.678881
v 1.024101 9.325506 8.053881
v 2.668053 9.325507 8.053881
v 1.435089 9.325506 8.178883
v 1.435089 9.325505 7.678882
v -2.263803 9.325507 8.053882
v -0.619851 9.325506 8.053881
v -1.852815 9.325505 8.178883
v -1.852815 9.325506 7.678883
v -2.263803 9.325505 7.053883
v -0.619851 9.325505 7.053883
v -1.852815 9.325505 7.178881
v -1.852815 9.325506 6.678881
v -2.069743 -0.339587 0.096271
v -0.426540 -0.329910 0.124853
v -1.661062 -0.212626 0.093731
v -1.652541 -0.710440 0.132464
v -3.505716 6.746691 6.675338
v -3.507263 6.592833 7.150751
v -3.504755 5.925157 6.556267
v -3.496767 8.986121 7.053880
v -2.277771 6.227984 8.211094
v -0.633769 6.242668 8.216391
v -1.865846 5.309350 7.920471
v -1.852815 8.986119 8.553883
v 3.066398 6.402458 7.877065
v 3.067939 6.564557 7.405740
v 3.067662 5.568637 7.492206
v 3.079042 8.986121 8.053881
v 1.838388 6.891258 6.329186
v 0.194403 6.880657 6.325300
v 1.428761 6.155271 6.113478
v 1.435119 8.980048 6.547964
v 1.021288 8.413321 6.540560
v 0.199262 8.409080 6.540283
v 0.606584 7.639808 6.470365
v 0.613143 8.980124 6.548026
v 1.021770 5.448746 5.828117
v 0.199821 5.442749 5.824389
v 0.617425 4.778251 5.476024
v 0.606790 6.149577 6.110662
v 2.665666 5.460715 5.835533
v 1.843719 5.454733 5.831831
v 2.261270 4.790653 5.485289
v 2.250733 6.160952 6.116290
v 3.074498 8.294052 7.919396
v 3.074857 8.322463 7.670434
v 3.069641 7.406276 7.701609
v 3.079041 8.986121 7.803880
v 3.072119 4.795613 7.038040
v 3.072932 4.920636 6.821860
v 3.079639 4.088027 6.520086
v 3.068500 5.672872 7.265723
v 3.070509 4.540958 7.467581
v 3.071311 4.669046 7.253283
v 3.078271 3.795440 6.925907
v 3.066827 5.462605 7.717741
v -1.447724 8.182489 8.538395
v -0.625675 8.188972 8.538964
v -1.042343 7.195812 8.420662
v -1.030839 8.986121 8.553883
v -1.450575 4.433858 7.548689
v -0.628634 4.441593 7.553392
v -1.031950 3.608366 7.098941
v -1.043873 5.316944 7.924143
v -3.094458 4.418361 7.539253
v -2.272516 4.426112 7.543975
v -2.675768 3.592770 7.087433
v -2.687818 5.301753 7.916782
v -3.500721 8.334048 7.167508
v -3.501084 8.307513 7.417802
v -3.505285 7.467069 7.202496
v -3.496767 8.986121 7.303881
v -3.501001 5.113486 6.354393
v -3.501817 4.989851 6.571506
v -3.494303 4.320894 6.070220
v -3.505598 5.824487 6.784778
v -3.499356 5.356030 5.917341
v -3.500182 5.235549 6.136344
v -3.492899 4.606362 5.659418
v -3.503911 6.023995 6.326803
v -1.243886 -0.583490 0.130178
v -0.422292 -0.578611 0.144704
v -0.835219 -0.456744 0.127558
v -0.830952 -0.705482 0.147174
v -1.252369 -0.085576 0.091113
v -0.430759 -0.080778 0.105155
v -0.843665 0.041562 0.088405
v -0.839456 -0.207808 0.107906
v -2.895587 -0.095166 0.062987
v -2.073978 -0.090371 0.077054
v -2.486892 0.032008 0.060532
v -2.482666 -0.217438 0.079547
v -1.441827 9.325505 6.803882
v -0.619851 9.325506 6.803883
v -1.030839 9.325506 6.928881
v -1.030839 9.325506 6.678880
v -1.441827 9.325507 7.303880
v -0.619851 9.325505 7.303884
v -1.030839 9.325505 7.428882
v -1.030839 9.325506 7.178882
v -3.085779 9.325507 7.303881
v -2.263803 9.325507 7.303880
v -2.674791 9.325506 7.428882
v -2.674791 9.325505 7.178882
v -1.441827 9.325506 7.803881
v -0.619851 9.325506 7.803880
v -1.030839 9.325505 7.928882
v -1.030839 9.325506 7.678882
v -1.441827 9.325505 8.303881
v -0.619851 9.325507 8.303883
v -1.030839 9.325507 8.428881
v -1.030839 9.325505 8.178883
v -3.085779 9.325505 8.303882
v -2.263803 9.325505 8.303882
v -2.674792 9.325507 8.428881
v -2.674791 9.325505 8.178883
v 1.846076 9.325507 7.803881
v 2.668053 9.325507 7.803880
v 2.257065 9.325505 7.928882
v 2.257065 9.325506 7.678883
v 1.846076 9.325506 8.303881
v 2.668053 9.325506 8.303881
v 2.257065 9.325504 8.428883
v 2.257065 9.325506 8.178883
v 0.202125 9.325507 8.303882
v 1.024101 9.325506 8.303881
v 0.613113 9.325505 8.428883
v 0.613113 9.325504 8.178883
v 1.846077 9.325505 6.803882
v 2.668053 9.325505 6.803882
v 2.257065 9.325506 6.928880
v 2.257065 9.325507 6.678880
v 1.846076 9.325505 7.303883
v 2.668053 9.325505 7.303884
v 2.257065 9.325506 7.428882
v 2.257065 9.325505 7.178881
v 0.202125 9.325505 7.303883
v 1.024101 9.325505 7.303883
v 0.613113 9.325506 7.428882
v 0.613113 9.325506 7.178882
v -1.260740 0.414062 0.052642
v -0.439114 0.418783 0.066196
v -0.852001 0.541589 0.049838
v -0.847848 0.291363 0.069046
v -1.269000 0.915397 0.014752
v -0.447359 0.920039 0.027821
v -0.860225 1.043299 0.011843
v -0.856126 0.792236 0.030768
v -2.912281 0.906114 -0.011416
v -2.090641 0.910751 0.001673
v -2.503515 1.034056 -0.014069
v -2.499401 0.782913 0.004364
v 2.025765 0.432971 0.106789
v 2.847393 0.437703 0.120290
v 2.434521 0.560426 0.103461
v 2.438643 0.310359 0.123648
v 2.017569 0.933990 0.066941
v 2.839213 0.938650 0.079949
v 2.426359 1.061826 0.063509
v 2.430426 0.810917 0.083417
v 0.374284 0.924688 0.040869
v 1.195926 0.929337 0.053908
v 0.783067 1.052557 0.037703
v 0.787149 0.801570 0.057119
v 2.042491 -0.563957 0.188199
v 2.864087 -0.559067 0.202675
v 2.451176 -0.437284 0.185070
v 2.455409 -0.685630 0.205841
v 2.034073 -0.066353 0.147200
v 2.855685 -0.061542 0.161188
v 2.442793 0.060713 0.143975
v 2.446970 -0.188498 0.164448
v 0.390851 -0.075971 0.119183
v 1.212462 -0.071164 0.133197
v 0.799563 0.051131 0.116216
v 0.803756 -0.198162 0.136210
v -3.456021 2.530939 4.421051
v -3.455796 2.335973 4.577711
v -3.437746 1.921580 3.858503
v -3.471473 3.006838 5.084622
v -3.370769 0.908883 1.619841
v -3.368160 0.669927 1.689950
v -3.342870 0.557081 0.848398
v -3.394312 1.096246 2.430127
v -3.375912 1.387689 1.479473
v -3.373353 1.148138 1.549685
v -3.349555 1.049027 0.758794
v -3.398078 1.557647 2.241714
v -3.455023 1.748418 5.044321
v -3.454733 1.551726 5.198761
v -3.434768 1.085917 4.404655
v -3.472051 2.282364 5.776214
v -3.360187 -0.045041 1.900053
v -3.357480 -0.282711 1.970031
v -3.329185 -0.422093 1.028381
v -3.386507 0.175617 2.805005
v -3.365528 0.431285 1.760019
v -3.362870 0.192960 1.830051
v -3.336081 0.066693 0.938256
v -3.390455 0.635544 2.617864
v -3.502230 8.215995 8.164207
v -3.502636 8.183105 8.412716
v -3.507783 7.237691 8.174757
v -3.496767 8.986119 8.303882
v -3.504236 4.609682 7.217197
v -3.505031 4.479922 7.430556
v -3.497017 3.734632 6.881128
v -3.508955 5.403761 7.689330
v -3.502628 4.864662 6.787674
v -3.503434 4.737934 7.002904
v -3.495676 4.030276 6.477440
v -3.507280 5.617704 7.238950
v -1.400081 1.471894 5.298087
v -0.578279 1.479360 5.306976
v -0.968687 0.898183 4.570066
v -1.006648 2.122501 5.971018
v -1.301987 -0.386324 2.037477
v -0.480332 -0.380285 2.050439
v -0.860844 -0.649341 1.115302
v -0.919432 -0.034546 2.934382
v -2.945292 -0.398401 2.011510
v -2.123639 -0.392363 2.024505
v -2.504079 -0.660366 1.087487
v -2.562809 -0.047538 2.910388
v 1.887128 1.501741 5.333577
v 2.708931 1.509198 5.342419
v 2.318371 0.927014 4.609711
v 2.280709 2.153079 6.002278
v 1.984631 -0.362151 2.089235
v 2.806286 -0.356103 2.102142
v 2.425636 -0.627258 1.170764
v 2.367330 -0.008551 2.982203
v 0.341321 -0.374243 2.063390
v 1.162975 -0.368200 2.076322
v 0.782395 -0.638308 1.143061
v 0.723948 -0.021550 2.958322
v 1.840471 8.208350 8.540611
v 2.662520 8.214787 8.541140
v 2.245762 7.223711 8.427171
v 2.257065 8.986121 8.553882
v 1.837195 4.464773 7.567412
v 2.659137 4.472486 7.572066
v 2.255688 3.639499 7.121807
v 2.244019 5.347242 7.938711
v 0.193309 4.449327 7.558076
v 1.015252 4.457050 7.562754
v 0.611868 3.623944 7.110396
v 0.600072 5.332110 7.931448
v 3.119204 2.001759 4.956923
v 3.118981 2.196528 4.799984
v 3.137943 1.559028 4.207362
v 3.103004 2.703548 5.490572
v 3.210502 0.239950 1.929188
v 3.207900 0.477721 1.857364
v 3.237053 0.109556 1.043710
v 3.183220 0.685540 2.708564
v 3.215779 -0.234639 2.072725
v 3.213128 0.002491 2.000977
v 3.243829 -0.378372 1.137562
v 3.187065 0.226947 2.899084
v 3.118404 2.778023 4.325730
v 3.118244 2.970875 4.166461
v 3.135272 2.389161 3.651667
v 3.103796 3.417200 4.788193
v 3.200244 1.192865 1.641606
v 3.197739 1.431830 1.569562
v 3.223819 1.090126 0.856702
v 3.175801 1.604835 2.325525
v 3.205324 0.715802 1.785499
v 3.202770 0.954188 1.713579
v 3.230384 0.599072 0.950100
v 3.179465 1.144860 2.517397
v 3.075874 8.395632 6.919240
v 3.076195 8.415071 6.667367
v 3.072034 7.609175 6.720786
v 3.079051 8.984334 6.801921
v 3.075393 5.286280 6.167664
v 3.076224 5.404968 5.947711
v 3.082468 4.657730 5.697747
v 3.071861 6.071583 6.350303
v 3.073748 5.044096 6.604740
v 3.074569 5.165985 6.386676
v 3.081039 4.375499 6.110714
v 3.070178 5.875905 6.809902
v 1.063580 3.051252 4.068010
v 0.241743 3.044902 4.060555
v 0.669233 2.577367 3.486474
v 0.638428 3.574582 4.591314
v 1.142219 1.537709 1.505748
v 0.320509 1.532228 1.494613
v 0.755535 1.320960 0.774174
v 0.708775 1.817626 2.198632
v 2.785642 1.548674 1.527974
v 1.963929 1.543190 1.516870
v 2.398894 1.331126 0.798123
v 2.352260 1.829236 2.219099
v -2.223763 3.025833 4.038108
v -3.045598 3.019468 4.030602
v -2.617984 2.552378 3.452782
v -2.649034 3.549017 4.565167
v -2.144619 1.515790 1.461130
v -2.966327 1.510313 1.449942
v -2.531181 1.300643 0.726113
v -2.578187 1.794398 2.157546
v -0.501201 1.526749 1.483464
v -1.322910 1.521268 1.472305
v -0.887824 1.310799 0.750172
v -0.934707 1.806011 2.178121
v -2.266816 8.396272 6.539421
v -3.088841 8.391982 6.539112
v -2.681458 7.620430 6.465920
v -2.674762 8.980420 6.548269
v -2.266022 5.424714 5.813145
v -3.087970 5.418684 5.809374
v -2.670264 4.753360 5.457362
v -2.681095 6.126719 6.099275
v -0.622127 5.436743 5.820655
v -1.444075 5.430731 5.816904
v -1.026420 4.765821 5.466715
v -1.037153 6.138167 6.104991
v -0.622764 8.404819 6.540006
v -1.444789 8.400550 6.539719
v -1.037437 7.630141 6.468162
v -1.030809 8.980270 6.548147
v -0.580093 3.038550 4.053084
v -1.401928 3.032193 4.045602
v -0.974376 2.564877 3.469654
v -1.005304 3.561809 4.578267
v 2.707252 3.063941 4.082880
v 1.885414 3.057599 4.075454
v 2.312844 2.589845 3.503241
v 2.282161 3.587339 4.604316
v 3.075205 8.349482 7.421119
v 3.075545 8.373768 7.170494
v 3.070849 7.512247 7.212787
v 3.079042 8.986121 7.303880
v 3.118773 2.390836 4.642486
v 3.118580 2.584671 4.484403
v 3.136570 1.974557 3.930414
v 3.103374 3.061870 5.140804
v 3.119699 1.610905 5.269121
v 3.119444 1.806546 5.113299
v 3.139388 1.142670 4.482593
v 3.102687 2.342353 5.837575
v 0.196374 8.195443 8.539523
v 1.018422 8.201900 8.540074
v 0.601710 7.209750 8.423903
v 0.613113 8.986121 8.553883
v 0.243523 1.486822 5.315858
v 1.065325 1.494281 5.324729
v 0.674841 0.912598 4.589918
v 0.637030 2.137798 5.986671
v -3.043682 1.456961 5.280257
v -2.221881 1.464429 5.289180
v -2.612215 0.883767 4.550152
v -2.650324 2.107197 5.955304
v -3.501454 8.278328 7.666880
v -3.501835 8.247736 7.915593
v -3.506523 7.356824 7.690279
v -3.496767 8.986121 7.803881
v -3.455554 2.140555 4.733802
v -3.455297 1.944702 4.889336
v -3.436294 1.504127 4.132414
v -3.471789 2.645996 5.431780
v -3.456424 2.919459 4.105983
v -3.456230 2.725439 4.263813
v -3.439125 2.338182 3.582834
v -3.471103 3.364775 4.734653
v 0.399302 -0.573731 0.159217
v 1.220897 -0.568846 0.173713
v 0.807978 -0.447021 0.156343
v 0.812228 -0.695544 0.176553
v 0.382511 0.423509 0.079736
v 1.204138 0.428238 0.093268
v 0.791259 0.551001 0.076675
v 0.795398 0.300851 0.096375
v -2.903990 0.404629 0.025489
v -2.082365 0.409342 0.039072
v -2.495259 0.532191 0.022939
v -2.491089 0.281884 0.041659
v 0.202125 9.325505 6.803882
v 1.024101 9.325505 6.803882
v 0.613113 9.325505 6.928881
v 0.613113 9.325506 6.678880
v 0.202125 9.325507 7.803881
v 1.024101 9.325507 7.803881
v 0.613113 9.325506 7.928883
v 0.613113 9.325505 7.678882
v -3.085779 9.325507 7.803881
v -2.263803 9.325506 7.803881
v -2.674791 9.325505 7.928883
v -2.674791 9.325505 7.678882
v -3.085779 9.325505 6.803883
v -2.263803 9.325506 6.803884
v -2.674791 9.325506 6.928882
v -2.674791 9.325506 6.678881
v -2.887072 -0.593236 0.101083
v -2.065479 -0.588366 0.115641
v -2.478413 -0.466454 0.098720
v -2.474130 -0.715391 0.117740
v -3.500023 8.379883 6.664982
v -3.500367 8.358175 6.916564
v -3.504068 7.568328 6.711479
v -3.496759 8.984789 6.802396
v -3.091821 8.169489 8.537226
v -2.269772 8.175995 8.537818
v -2.686395 7.181833 8.417378
v -2.674792 8.986122 8.553883
v 3.073742 8.233783 8.417049
v 3.074128 8.264492 8.168269
v 3.068413 7.291362 8.187158
v 3.079041 8.986121 8.303882
v 2.665339 8.421770 6.541080
v 1.843314 8.417551 6.540826
v 2.250606 7.649426 6.472544
v 2.257096 8.979975 6.547903
v 1.846108 8.980011 6.547935
v 1.839600 7.647026 6.472000
v 2.661611 7.651826 6.473075
v 3.079041 8.986121 8.178881
v 3.068722 7.320927 8.066080
v 3.068101 7.261249 8.308027
v -2.263803 8.986121 8.553881
v -2.275382 7.185330 8.418205
v -3.097407 7.178329 8.416556
v -3.496767 8.986123 6.928881
v -3.504370 7.543860 6.834532
v -3.503767 7.592228 6.588232
v -2.063336 -0.712915 0.125102
v -2.067615 -0.464027 0.105935
v -2.889211 -0.468881 0.091507
v -2.263803 9.325505 6.678882
v -2.263803 9.325505 6.928883
v -3.085779 9.325505 6.928883
v -2.263803 9.325506 7.678880
v -2.263803 9.325506 7.928881
v -3.085779 9.325507 7.928881
v 1.024101 9.325507 7.678881
v 1.024101 9.325507 7.928881
v 0.202125 9.325506 7.928880
v 1.024101 9.325505 6.678882
v 1.024101 9.325506 6.928883
v 0.202125 9.325506 6.928883
v -2.080279 0.284254 0.048514
v -2.084445 0.534540 0.029671
v -2.906073 0.529842 0.016208
v 1.206209 0.303226 0.103201
v 1.202075 0.553355 0.083378
v 0.380444 0.548645 0.069973
v 1.223023 -0.693056 0.183889
v 1.218778 -0.444588 0.163531
v 0.397179 -0.449455 0.149153
v -3.471201 3.275569 4.822415
v -3.438787 2.234120 3.651916
v -3.439458 2.442185 3.513640
v -3.471859 2.555344 5.518143
v -3.435920 1.399640 4.200629
v -3.436664 1.608567 4.064093
v -3.496767 8.986121 7.928881
v -3.506836 7.327868 7.811712
v -3.506212 7.385221 7.568641
v -2.239405 2.111025 5.959234
v -2.201333 0.887371 4.555138
v -3.023096 0.880161 4.545170
v 1.047950 2.141618 5.990579
v 1.085724 0.916201 4.594871
v 0.263959 0.908995 4.584961
v 1.024101 8.986121 8.553880
v 1.012722 7.213236 8.424713
v 0.190697 7.206270 8.423096
v 3.102761 2.432913 5.751081
v 3.139020 1.246832 4.413940
v 3.139760 1.038465 4.551141
v 3.103474 3.150986 5.052922
v 3.136239 2.078297 3.860902
v 3.136908 1.870759 3.999810
v 3.079041 8.986119 7.178883
v 3.071147 7.537333 7.090077
v 3.070548 7.486600 7.335292
v 1.871227 3.584152 4.601068
v 1.901942 2.586724 3.499053
v 2.723747 2.592964 3.507423
v -1.416236 3.558613 4.575000
v -1.385278 2.561754 3.465437
v -0.563474 2.568000 3.473862
v -1.441798 8.980309 6.548181
v -1.448442 7.627713 6.467611
v -0.626431 7.632560 6.468718
v -1.448138 6.135308 6.103561
v -1.437382 4.762706 5.464380
v -0.615459 4.768929 5.469049
v -3.092080 6.123849 6.097843
v -3.081225 4.750241 5.455019
v -2.259303 4.756477 5.459704
v -3.085750 8.980456 6.548302
v -3.092462 7.617993 6.465360
v -2.270452 7.622862 6.466484
v -1.345578 1.803107 2.172982
v -1.298663 1.308260 0.744161
v -0.476984 1.313338 0.756179
v -2.989058 1.791494 2.152397
v -2.942019 1.298105 0.720093
v -2.120341 1.303182 0.732134
v -3.059967 3.545820 4.561880
v -3.028885 2.549254 3.448550
v -2.207082 2.555506 3.457002
v 1.941388 1.826335 2.213984
v 1.988055 1.328587 0.792134
v 2.809736 1.333671 0.804099
v 0.297904 1.814722 2.193511
v 0.344695 1.318419 0.768175
v 1.166375 1.323501 0.780163
v 0.227495 3.571389 4.588063
v 0.258331 2.574247 3.482273
v 1.080136 2.580489 3.490667
v 3.070599 5.925520 6.695354
v 3.081393 4.446554 6.007810
v 3.080687 4.304118 6.213390
v 3.072283 6.119341 6.234810
v 3.082829 4.727456 5.593939
v 3.082108 4.587672 5.801328
v 3.079061 8.982285 6.674935
v 3.072325 7.631990 6.597291
v 3.071739 7.585799 6.844076
v 3.178540 1.259795 2.469502
v 3.228733 0.721694 0.926729
v 3.232042 0.476545 0.973483
v 3.174899 1.719926 2.277438
v 3.222195 1.213125 0.833385
v 3.225451 0.967221 0.880033
v 3.103911 3.505554 4.699585
v 3.134958 2.492654 3.581701
v 3.135590 2.285601 3.721534
v 3.186095 0.341522 2.851514
v 3.242125 -0.256540 1.114074
v 3.245539 -0.500103 1.161069
v 3.182272 0.800303 2.660836
v 3.235377 0.231788 1.020284
v 3.238738 -0.012576 1.067147
v 3.103091 2.793404 5.403391
v 3.137593 1.662993 4.138285
v 3.138298 1.455013 4.276321
v 1.011059 5.335896 7.933269
v 1.022823 3.627835 7.113255
v 0.200913 3.620051 7.107536
v 2.655005 5.351020 7.940521
v 2.666644 3.643383 7.124652
v 1.844732 3.635612 7.118960
v 2.668053 8.986122 8.553881
v 2.656776 7.227197 8.427987
v 1.834749 7.220220 8.426357
v 1.134794 -0.018303 2.964300
v 1.193205 -0.635547 1.149995
v 0.371585 -0.641066 1.136128
v 2.778177 -0.005304 2.988168
v 2.836446 -0.624495 1.177681
v 2.014824 -0.630019 1.163844
v 2.691629 2.156896 6.006170
v 2.729255 0.930610 4.614659
v 1.907489 0.923405 4.604769
v -2.151965 -0.044291 2.916390
v -2.093270 -0.657611 1.094446
v -2.914888 -0.663119 1.080524
v -0.508587 -0.031299 2.940374
v -0.450033 -0.646582 1.122244
v -1.271653 -0.652099 1.108356
v -0.595729 2.126328 5.974934
v -0.557806 0.901788 4.575033
v -1.379569 0.894579 4.565094
v -3.507699 5.564882 7.351908
v -3.496014 3.956832 6.578691
v -3.495336 4.103408 6.375965
v -3.509372 5.349172 7.801329
v -3.497348 3.659950 6.981504
v -3.496684 3.809009 6.780532
v -3.496767 8.986121 8.428883
v -3.508101 7.206534 8.295343
v -3.507466 7.268301 8.053951
v -3.389476 0.520487 2.664707
v -3.334367 -0.055656 0.960763
v -3.337788 0.189139 0.915771
v -3.385505 0.060768 2.851702
v -3.327444 -0.544037 1.050961
v -3.330919 -0.300051 1.005824
v -3.472108 2.191035 5.861905
v -3.434375 0.981253 4.472471
v -3.435157 1.190530 4.336754
v -3.397145 1.442233 2.288884
v -3.347894 0.925900 0.781172
v -3.351210 1.172252 0.736419
v -3.393356 0.981002 2.477120
v -3.341183 0.434338 0.870839
v -3.344551 0.679924 0.825978
v -3.471557 2.916893 5.171672
v -3.437390 1.817293 3.927139
v -3.438098 2.025818 3.789745
v 1.214559 -0.195747 0.143272
v 1.210370 0.053523 0.123163
v 0.388756 0.048741 0.109265
v 2.857774 -0.186086 0.171509
v 2.853600 0.063112 0.150908
v 2.031986 0.058315 0.137043
v 2.866206 -0.683173 0.213133
v 2.861976 -0.434848 0.192243
v 2.040378 -0.439719 0.177894
v 1.197968 0.803904 0.063697
v 1.193890 1.054870 0.044163
v 0.372244 1.050245 0.031239
v 2.841246 0.813252 0.089986
v 2.837184 1.064142 0.069952
v 2.015537 1.059505 0.057063
v 2.849455 0.312737 0.130458
v 2.845337 0.562786 0.110151
v 2.023704 0.558070 0.096767
v -2.088582 0.785244 0.010968
v -2.092693 1.036369 -0.007591
v -2.914337 1.031748 -0.020564
v -0.445308 0.794570 0.037356
v -0.449402 1.045618 0.018311
v -1.271048 1.040988 0.005371
v -0.437036 0.293734 0.075884
v -0.441187 0.543939 0.056552
v -1.262816 0.539234 0.043117
v 1.024101 9.325504 7.178883
v 1.024101 9.325505 7.428883
v 0.202125 9.325505 7.428884
v 2.668053 9.325506 7.178883
v 2.668053 9.325504 7.428883
v 1.846076 9.325505 7.428883
v 2.668053 9.325507 6.678882
v 2.668054 9.325505 6.928882
v 1.846077 9.325505 6.928883
v 1.024101 9.325506 8.178881
v 1.024101 9.325506 8.428882
v 0.202125 9.325506 8.428883
v 2.668053 9.325507 8.178881
v 2.668053 9.325506 8.428881
v 1.846076 9.325506 8.428881
v 2.668053 9.325507 7.678880
v 2.668053 9.325507 7.928881
v 1.846076 9.325505 7.928880
v -2.263803 9.325505 8.178881
v -2.263803 9.325505 8.428882
v -3.085779 9.325505 8.428883
v -0.619851 9.325506 8.178882
v -0.619851 9.325505 8.428881
v -1.441827 9.325507 8.428883
v -0.619851 9.325507 7.678881
v -0.619851 9.325506 7.928881
v -1.441827 9.325506 7.928881
v -2.263803 9.325505 7.178884
v -2.263803 9.325505 7.428884
v -3.085779 9.325506 7.428880
v -0.619851 9.325505 7.178883
v -0.619851 9.325505 7.428884
v -1.441827 9.325507 7.428881
v -0.619851 9.325506 6.678883
v -0.619851 9.325504 6.928882
v -1.441827 9.325506 6.928883
v -2.071864 -0.215035 0.086645
v -2.076085 0.034397 0.067504
v -2.897698 0.029624 0.053556
v -0.428653 -0.205398 0.114984
v -0.432859 0.043952 0.095360
v -1.254472 0.039172 0.081440
v -0.420157 -0.702998 0.154518
v -0.424419 -0.454317 0.134758
v -1.246017 -0.459173 0.120353
v -3.504334 5.974806 6.441655
v -3.493253 4.535484 5.762456
v -3.492543 4.676908 5.556158
v -3.506019 5.773467 6.898677
v -3.494649 4.248718 6.172358
v -3.493955 4.392751 5.967853
v -3.496767 8.986122 7.428881
v -3.505592 7.440346 7.324749
v -3.504978 7.493228 7.080042
v -2.276832 5.305553 7.918625
v -2.264814 3.596671 7.090315
v -3.086722 3.588868 7.084549
v -0.632887 5.320737 7.925972
v -0.620996 3.612261 7.101811
v -1.442905 3.604468 7.096073
v -0.619851 8.986121 8.553881
v -0.631330 7.199300 8.421478
v -1.453356 7.192322 8.419847
v 3.067244 5.515845 7.605093
v 3.078611 3.869061 6.824777
v 3.077934 3.721512 7.026807
v 3.068919 5.724311 7.152124
v 3.079987 4.160378 6.418080
v 3.079293 4.015358 6.621868
v 3.079041 8.986123 7.678881
v 3.069947 7.433612 7.579706
v 3.069336 7.378380 7.823309
v 1.839748 6.158113 6.114885
v 1.850309 4.787556 5.482976
v 2.672232 4.793748 5.487599
v 0.195804 6.146728 6.109246
v 0.206463 4.775142 5.473706
v 1.028386 4.781352 5.478343
v 0.202155 8.980159 6.548058
v 0.195579 7.637395 6.469822
v 1.017590 7.642217 6.470915
v 1.024132 8.980084 6.547996
v 1.017776 6.152425 6.112073
v 2.661720 6.163792 6.117687
v 3.079041 8.986121 7.928880
v 3.068082 5.620980 7.379082
v 3.066409 5.408922 7.830156
v -1.441827 8.986121 8.553881
v -1.454860 5.313149 7.922308
v -3.098804 5.297949 7.914937
v -3.496767 8.986121 7.178880
v -3.505177 5.875051 6.670637
v -3.503489 6.072720 6.211723
v -1.241746 -0.707961 0.139819
v -1.250259 -0.210216 0.100820
v -2.893469 -0.219844 0.072457
v -1.441827 9.325506 6.678883
v -1.441827 9.325505 7.178883
v -3.085779 9.325507 7.178880
v -1.441827 9.325506 7.678880
v -1.441827 9.325506 8.178882
v -3.085779 9.325507 8.178883
v 1.846076 9.325507 7.678880
v 1.846077 9.325506 8.178881
v 0.202125 9.325506 8.178881
v 1.846077 9.325505 6.678882
v 1.846077 9.325506 7.178884
v 0.202125 9.325505 7.178883
v -1.258658 0.288993 0.062205
v -1.266946 0.789906 0.024168
v -2.910218 0.780585 -0.002249
v 2.027832 0.307980 0.116830
v 2.019607 0.808578 0.076849
v 0.376330 0.799234 0.050535
v 2.044614 -0.688083 0.198539
v 2.036166 -0.190917 0.157393
v 0.392953 -0.200575 0.129134
v -3.471385 3.096599 4.997396
v -3.395262 1.211534 2.383085
v -3.399006 1.673097 2.194504
v -3.471991 2.373527 5.690356
v -3.387503 0.290520 2.758279
v -3.391427 0.750650 2.570992
v -3.496767 8.986121 8.178883
v -3.508536 5.457911 7.577089
v -3.506859 5.670074 7.125767
v -1.417567 2.118676 5.967093
v -1.330276 -0.037794 2.928390
v -2.973654 -0.050786 2.904381
v 1.869789 2.149256 5.998384
v 1.956485 -0.011800 2.976238
v 0.313103 -0.024798 2.952338
v 1.846077 8.986122 8.553881
v 1.833032 5.343463 7.936898
v 0.189086 5.328319 7.929629
v 3.102920 2.613512 5.577580
v 3.184173 0.570820 2.756252
v 3.188040 0.112422 2.946623
v 3.103686 3.328655 4.876616
v 3.176708 1.489785 2.373565
v 3.180396 1.029968 2.565253
v 3.079042 8.986043 6.928792
v 3.071441 6.023357 6.465556
v 3.069758 5.825833 6.924212
v 1.049361 3.577773 4.594569
v 1.119645 1.820529 2.203753
v 2.763130 1.832141 2.224202
v -2.238101 3.552217 4.568445
v -2.167318 1.797299 2.162698
v -0.523837 1.808915 2.183252
v -2.263774 8.980384 6.548237
v -2.270109 6.129582 6.100708
v -0.626167 6.141023 6.106406
v -0.619821 8.980236 6.548116
v -0.594371 3.565008 4.581531
v 2.693094 3.590521 4.607561
v 3.079041 8.986122 7.428880
v 3.103277 2.972565 5.228510
v 3.102617 2.251620 5.923901
v 0.202125 8.986123 8.553881
v 0.226110 2.133972 5.982765
v -3.061243 2.103368 5.951368
v -3.496767 8.986121 7.678881
v -3.471714 2.736472 5.345252
v -3.471003 3.453792 4.646715
v 0.401433 -0.698032 0.169210
v 0.384586 0.298480 0.089546
v -2.901899 0.279517 0.034809
v 0.202125 9.325505 6.678882
v 0.202125 9.325505 7.678880
v -3.085779 9.325506 7.678881
v -3.085779 9.325506 6.678884
v -2.884924 -0.717866 0.110376
v -3.496749 8.982810 6.675418
v -3.085779 8.986122 8.553881
v 3.079041 8.986122 8.428883
v 2.668085 8.979935 6.547873
vn -0.0001 0.0121 -0.9999
vn 1.0000 -0.0000 -0.0000
vn -0.0000 -0.0000 1.0000
vn -1.0000 -0.0001 -0.0001
vn 0.0184 -0.0702 -0.9974
vn -0.0000 1.0000 -0.0087
vn -0.0000 1.0000 -0.0000
vn -0.0000 0.9999 -0.0109
vn 0.0171 -0.0741 -0.9971
vn 0.0171 -0.0780 -0.9968
vn 0.0184 -0.0745 -0.9971
vn -0.9999 -0.0108 -0.0118
vn -0.9999 -0.0105 -0.0117
vn -1.0000 -0.0000 -0.0000
vn -0.0008 -0.6462 0.7631
vn -0.0008 -0.6434 0.7656
vn 0.9999 0.0102 0.0115
vn 0.9999 0.0104 0.0116
vn 0.0008 0.6303 -0.7764
vn 0.0008 0.6332 -0.7740
vn -0.0001 0.0123 -0.9999
vn 0.0009 0.2831 -0.9591
vn 0.0009 0.2849 -0.9585
vn -0.0001 0.0124 -0.9999
vn -0.0009 0.8860 -0.4637
vn -0.0009 0.8868 -0.4622
vn 0.0008 0.6346 -0.7728
vn -0.0008 0.8844 -0.4668
vn -0.0008 0.8852 -0.4652
vn 0.0008 0.6317 -0.7752
vn 1.0000 0.0002 0.0035
vn 1.0000 0.0005 0.0036
vn 0.9996 0.0173 0.0219
vn 0.9996 0.0172 0.0220
vn 0.9999 0.0106 0.0116
vn 0.9996 0.0175 0.0217
vn 0.9996 0.0174 0.0217
vn 0.9999 0.0103 0.0115
vn -0.0009 -0.2998 0.9540
vn -0.0009 -0.2980 0.9546
vn 0.0009 -0.8914 0.4533
vn 0.0009 -0.8906 0.4548
vn -0.0008 -0.6419 0.7668
vn 0.0010 -0.8929 0.4503
vn 0.0009 -0.8921 0.4518
vn -0.0008 -0.6448 0.7644
vn -1.0000 -0.0003 -0.0036
vn -1.0000 -0.0001 -0.0036
vn -0.9996 -0.0174 -0.0220
vn -0.9996 -0.0175 -0.0219
vn -0.9999 -0.0104 -0.0117
vn -0.9996 -0.0172 -0.0223
vn -0.9996 -0.0173 -0.0221
vn -0.9999 -0.0106 -0.0117
vn 0.0177 -0.0794 -0.9967
vn 0.0177 -0.0814 -0.9965
vn 0.0183 -0.0768 -0.9969
vn 0.0165 -0.0766 -0.9969
vn 0.0165 -0.0786 -0.9968
vn 0.0171 -0.0800 -0.9967
vn 0.0165 -0.0727 -0.9972
vn 0.0165 -0.0747 -0.9971
vn 0.0171 -0.0760 -0.9970
vn -0.0000 0.9999 -0.0121
vn -0.0000 1.0000 -0.0098
vn 0.0178 -0.0755 -0.9970
vn 0.0177 -0.0775 -0.9968
vn 0.0184 -0.0723 -0.9972
vn -1.0000 -0.0009 -0.0037
vn -1.0000 -0.0006 -0.0037
vn -0.0009 -0.3033 0.9529
vn -0.0009 -0.3016 0.9534
vn 1.0000 -0.0002 0.0034
vn 1.0000 -0.0000 0.0035
vn 0.0009 0.2794 -0.9602
vn 0.0009 0.2813 -0.9596
vn -0.0001 0.0122 -0.9999
vn 0.0003 0.0897 -0.9960
vn 0.0003 0.0907 -0.9959
vn 0.0011 0.4640 -0.8858
vn 0.0011 0.4648 -0.8854
vn 0.0009 0.2822 -0.9594
vn 0.0011 0.4623 -0.8867
vn 0.0011 0.4632 -0.8863
vn 0.0009 0.2803 -0.9599
vn 1.0000 -0.0058 0.0010
vn 1.0000 -0.0057 0.0010
vn 1.0000 0.0054 0.0071
vn 1.0000 0.0055 0.0071
vn 1.0000 0.0001 0.0035
vn 1.0000 0.0053 0.0071
vn 1.0000 -0.0001 0.0034
vn -0.0004 -0.1191 0.9929
vn -0.0004 -0.1181 0.9930
vn -0.0011 -0.4792 0.8777
vn -0.0011 -0.4784 0.8781
vn -0.0009 -0.3007 0.9537
vn -0.0011 -0.4809 0.8768
vn -0.0011 -0.4801 0.8772
vn -0.0009 -0.3025 0.9532
vn -1.0000 0.0051 -0.0012
vn -1.0000 0.0053 -0.0011
vn -1.0000 -0.0059 -0.0073
vn -1.0000 -0.0058 -0.0073
vn -1.0000 -0.0004 -0.0036
vn -1.0000 -0.0062 -0.0074
vn -1.0000 -0.0060 -0.0073
vn -1.0000 -0.0007 -0.0037
vn 0.0180 -0.0782 -0.9968
vn 0.0180 -0.0792 -0.9967
vn 0.0184 -0.0734 -0.9971
vn 0.0174 -0.0768 -0.9969
vn 0.0174 -0.0777 -0.9968
vn 0.0177 -0.0784 -0.9968
vn 0.0174 -0.0748 -0.9970
vn 0.0174 -0.0758 -0.9970
vn 0.0177 -0.0765 -0.9969
vn -0.0000 0.9999 -0.0104
vn -0.0000 0.9999 -0.0127
vn 0.0168 -0.0753 -0.9970
vn 0.0168 -0.0763 -0.9969
vn 0.0171 -0.0770 -0.9969
vn 0.0162 -0.0740 -0.9971
vn 0.0162 -0.0750 -0.9971
vn 0.0165 -0.0757 -0.9970
vn 0.0162 -0.0721 -0.9973
vn 0.0162 -0.0730 -0.9972
vn 0.0165 -0.0737 -0.9971
vn 0.0168 -0.0793 -0.9967
vn 0.0168 -0.0803 -0.9966
vn 0.0171 -0.0810 -0.9966
vn 0.0162 -0.0779 -0.9968
vn 0.0162 -0.0789 -0.9968
vn 0.0165 -0.0795 -0.9967
vn 0.0162 -0.0760 -0.9970
vn 0.0162 -0.0769 -0.9969
vn 0.0165 -0.0776 -0.9968
vn 0.0180 -0.0821 -0.9965
vn 0.0180 -0.0831 -0.9964
vn 0.0183 -0.0783 -0.9968
vn 0.0174 -0.0807 -0.9966
vn 0.0174 -0.0817 -0.9965
vn 0.0177 -0.0824 -0.9964
vn 0.0174 -0.0787 -0.9967
vn 0.0174 -0.0797 -0.9967
vn 0.0177 -0.0804 -0.9966
vn -0.9998 -0.0145 -0.0168
vn -0.9998 -0.0145 -0.0167
vn -0.9994 -0.0188 -0.0276
vn -0.9994 -0.0189 -0.0275
vn -0.9996 -0.0174 -0.0221
vn -0.9994 -0.0186 -0.0279
vn -0.9994 -0.0187 -0.0277
vn -0.9996 -0.0173 -0.0222
vn -0.9998 -0.0145 -0.0166
vn -0.9994 -0.0192 -0.0272
vn -0.9994 -0.0194 -0.0272
vn -0.9996 -0.0176 -0.0218
vn -0.9994 -0.0190 -0.0274
vn -0.9994 -0.0191 -0.0273
vn -1.0000 0.0056 -0.0010
vn -1.0000 0.0057 -0.0010
vn -1.0000 -0.0055 -0.0072
vn -1.0000 -0.0054 -0.0072
vn -1.0000 -0.0000 -0.0035
vn -1.0000 -0.0057 -0.0072
vn -1.0000 -0.0056 -0.0072
vn -1.0000 -0.0002 -0.0036
vn -0.0001 -0.7857 0.6186
vn -0.0001 -0.7852 0.6193
vn -0.0008 -0.6441 0.7650
vn 0.0023 -0.9615 0.2749
vn 0.0023 -0.9613 0.2757
vn 0.0009 -0.8917 0.4526
vn 0.0023 -0.9619 0.2734
vn 0.0023 -0.9617 0.2741
vn 0.0010 -0.8925 0.4510
vn -0.0001 -0.7835 0.6214
vn -0.0001 -0.7829 0.6221
vn -0.0008 -0.6412 0.7674
vn 0.0022 -0.9606 0.2779
vn 0.0022 -0.9604 0.2787
vn 0.0009 -0.8902 0.4556
vn 0.0022 -0.9610 0.2764
vn 0.0022 -0.9608 0.2772
vn 0.0009 -0.8910 0.4541
vn -0.0004 -0.1151 0.9934
vn -0.0004 -0.1141 0.9935
vn -0.0011 -0.4759 0.8795
vn -0.0011 -0.4751 0.8799
vn -0.0009 -0.2971 0.9548
vn -0.0011 -0.4776 0.8786
vn -0.0011 -0.4768 0.8790
vn -0.0009 -0.2989 0.9543
vn 0.9998 0.0144 0.0165
vn 0.9994 0.0191 0.0271
vn 0.9994 0.0190 0.0272
vn 0.9996 0.0174 0.0218
vn 0.9994 0.0194 0.0270
vn 0.9994 0.0193 0.0270
vn 0.9998 0.0144 0.0166
vn 0.9998 0.0145 0.0167
vn 0.9999 0.0106 0.0117
vn 0.9994 0.0187 0.0275
vn 0.9994 0.0186 0.0276
vn 0.9996 0.0172 0.0221
vn 0.9994 0.0189 0.0273
vn 0.9994 0.0188 0.0274
vn 1.0000 -0.0052 0.0011
vn 1.0000 -0.0051 0.0011
vn 1.0000 0.0058 0.0072
vn 1.0000 0.0059 0.0072
vn 1.0000 0.0006 0.0036
vn 1.0000 0.0056 0.0071
vn 1.0000 0.0057 0.0071
vn 1.0000 0.0003 0.0036
vn 0.0002 0.7749 -0.6321
vn 0.0001 0.7754 -0.6314
vn 0.0008 0.6324 -0.7746
vn -0.0022 0.9590 -0.2834
vn -0.0022 0.9592 -0.2826
vn -0.0009 0.8856 -0.4645
vn -0.0022 0.9585 -0.2850
vn -0.0022 0.9588 -0.2842
vn -0.0008 0.8848 -0.4660
vn 0.0001 0.7772 -0.6293
vn 0.0001 0.7777 -0.6286
vn 0.0008 0.6353 -0.7722
vn -0.0022 0.9599 -0.2802
vn -0.0022 0.9602 -0.2795
vn -0.0009 0.8872 -0.4614
vn -0.0022 0.9595 -0.2818
vn -0.0022 0.9597 -0.2810
vn -0.0009 0.8864 -0.4629
vn 0.0003 0.0936 -0.9956
vn 0.0003 0.0946 -0.9955
vn -0.0001 0.0125 -0.9999
vn 0.0011 0.4673 -0.8841
vn 0.0011 0.4682 -0.8836
vn 0.0009 0.2858 -0.9583
vn 0.0011 0.4657 -0.8850
vn 0.0011 0.4665 -0.8845
vn 0.0009 0.2840 -0.9588
vn 0.0003 0.0917 -0.9958
vn 0.0003 0.0927 -0.9957
vn 0.0002 0.7760 -0.6307
vn 0.0001 0.7766 -0.6300
vn 0.0008 0.6339 -0.7734
vn 0.0002 0.7737 -0.6335
vn 0.0002 0.7743 -0.6328
vn 0.0008 0.6310 -0.7758
vn 1.0000 -0.0055 0.0010
vn 1.0000 -0.0054 0.0011
vn 0.9999 0.0105 0.0116
vn 0.9998 0.0144 0.0164
vn -0.0004 -0.1171 0.9931
vn -0.0004 -0.1161 0.9932
vn -0.0001 -0.7846 0.6200
vn -0.0001 -0.7840 0.6207
vn -0.0008 -0.6426 0.7662
vn -0.0001 -0.7869 0.6171
vn -0.0001 -0.7863 0.6178
vn -0.0008 -0.6455 0.7637
vn -1.0000 0.0054 -0.0011
vn -1.0000 0.0055 -0.0011
vn -0.9998 -0.0146 -0.0169
vn -0.9998 -0.0146 -0.0168
vn -0.9999 -0.0107 -0.0118
vn 0.0180 -0.0802 -0.9966
vn 0.0180 -0.0811 -0.9965
vn 0.0184 -0.0756 -0.9970
vn 0.0168 -0.0773 -0.9969
vn 0.0168 -0.0783 -0.9968
vn 0.0171 -0.0790 -0.9967
vn 0.0168 -0.0734 -0.9972
vn 0.0168 -0.0744 -0.9971
vn 0.0171 -0.0751 -0.9970
vn -0.0000 0.9999 -0.0115
vn -0.0000 1.0000 -0.0092
vn 0.0181 -0.0762 -0.9969
vn 0.0180 -0.0772 -0.9968
vn 0.0184 -0.0713 -0.9973
vn -1.0000 0.0048 -0.0012
vn -1.0000 0.0050 -0.0012
vn -0.0004 -0.1211 0.9926
vn -0.0004 -0.1201 0.9928
vn 1.0000 -0.0059 0.0010
vn 0.0003 0.0877 -0.9961
vn 0.0003 0.0887 -0.9961
vn 0.0001 0.0125 -0.9999
vn 0.0001 0.0128 -0.9999
vn 0.0007 0.1854 -0.9827
vn 0.0007 0.1859 -0.9826
vn 0.0003 0.0892 -0.9960
vn 0.0007 0.1845 -0.9828
vn 0.0006 0.1850 -0.9827
vn 0.0003 0.0882 -0.9961
vn 1.0000 -0.0069 0.0003
vn 1.0000 -0.0068 0.0003
vn 1.0000 -0.0030 0.0020
vn 1.0000 -0.0029 0.0020
vn 1.0000 -0.0031 0.0020
vn -0.0003 -0.0200 0.9998
vn -0.0003 -0.0197 0.9998
vn -0.0007 -0.2117 0.9773
vn -0.0007 -0.2112 0.9774
vn -0.0004 -0.1196 0.9928
vn -0.0007 -0.2126 0.9771
vn -0.0007 -0.2121 0.9772
vn -0.0004 -0.1206 0.9927
vn -1.0000 0.0057 -0.0005
vn -1.0000 0.0058 -0.0004
vn -1.0000 0.0021 -0.0023
vn -1.0000 0.0022 -0.0023
vn -1.0000 0.0019 -0.0023
vn -1.0000 0.0020 -0.0023
vn -1.0000 0.0049 -0.0012
vn 0.0182 -0.0751 -0.9970
vn 0.0182 -0.0758 -0.9970
vn 0.0184 -0.0718 -0.9972
vn 0.0179 -0.0769 -0.9969
vn 0.0179 -0.0773 -0.9968
vn 0.0180 -0.0777 -0.9968
vn 0.0179 -0.0759 -0.9970
vn 0.0179 -0.0764 -0.9969
vn 0.0180 -0.0767 -0.9969
vn -0.0000 1.0000 -0.0095
vn -0.0000 0.9999 -0.0118
vn 0.0170 -0.0747 -0.9971
vn 0.0170 -0.0752 -0.9970
vn 0.0171 -0.0755 -0.9970
vn 0.0167 -0.0740 -0.9971
vn 0.0167 -0.0745 -0.9971
vn 0.0168 -0.0748 -0.9971
vn 0.0167 -0.0731 -0.9972
vn 0.0167 -0.0735 -0.9972
vn 0.0168 -0.0739 -0.9971
vn 0.0169 -0.0787 -0.9968
vn 0.0169 -0.0791 -0.9967
vn 0.0171 -0.0795 -0.9967
vn 0.0166 -0.0780 -0.9968
vn 0.0166 -0.0785 -0.9968
vn 0.0168 -0.0788 -0.9968
vn 0.0166 -0.0770 -0.9969
vn 0.0166 -0.0775 -0.9969
vn 0.0168 -0.0778 -0.9968
vn 0.0182 -0.0810 -0.9966
vn 0.0182 -0.0817 -0.9965
vn 0.0183 -0.0762 -0.9969
vn 0.0178 -0.0808 -0.9966
vn 0.0178 -0.0813 -0.9965
vn 0.0180 -0.0816 -0.9965
vn 0.0179 -0.0798 -0.9967
vn 0.0178 -0.0803 -0.9966
vn 0.0180 -0.0806 -0.9966
vn -0.9998 -0.0128 -0.0143
vn -0.9998 -0.0127 -0.0142
vn -0.9997 -0.0161 -0.0195
vn -0.9997 -0.0161 -0.0196
vn -0.9998 -0.0126 -0.0141
vn -0.9997 -0.0161 -0.0193
vn -0.9997 -0.0162 -0.0193
vn -1.0000 0.0068 -0.0003
vn -1.0000 0.0069 -0.0003
vn -1.0000 0.0026 -0.0022
vn -1.0000 0.0027 -0.0021
vn -1.0000 0.0056 -0.0011
vn -1.0000 0.0025 -0.0022
vn -0.0005 -0.7198 0.6942
vn -0.0005 -0.7194 0.6946
vn -0.0008 -0.6452 0.7640
vn 0.0004 -0.8440 0.5363
vn 0.0004 -0.8438 0.5366
vn -0.0001 -0.7860 0.6182
vn 0.0004 -0.8445 0.5355
vn 0.0004 -0.8443 0.5359
vn -0.0001 -0.7866 0.6175
vn -0.0005 -0.7172 0.6969
vn -0.0005 -0.7169 0.6972
vn -0.0008 -0.6423 0.7665
vn 0.0004 -0.8422 0.5392
vn 0.0004 -0.8419 0.5396
vn -0.0001 -0.7838 0.6211
vn 0.0004 -0.8426 0.5385
vn 0.0004 -0.8424 0.5389
vn -0.0001 -0.7843 0.6204
vn -0.0003 -0.0177 0.9998
vn -0.0003 -0.0175 0.9998
vn -0.0007 -0.2080 0.9781
vn -0.0007 -0.2076 0.9782
vn -0.0004 -0.1156 0.9933
vn -0.0007 -0.2089 0.9779
vn -0.0007 -0.2085 0.9780
vn -0.0004 -0.1166 0.9932
vn 0.9998 0.0124 0.0139
vn 0.9997 0.0161 0.0191
vn 0.9997 0.0161 0.0190
vn 0.9998 0.0126 0.0140
vn 0.9998 0.0126 0.0141
vn 0.9997 0.0160 0.0192
vn 0.9997 0.0160 0.0193
vn 1.0000 -0.0058 0.0004
vn 1.0000 -0.0056 0.0004
vn 1.0000 -0.0025 0.0022
vn 1.0000 -0.0024 0.0022
vn 1.0000 -0.0053 0.0011
vn 1.0000 -0.0026 0.0021
vn 1.0000 -0.0026 0.0022
vn 1.0000 -0.0055 0.0011
vn 0.0005 0.7063 -0.7079
vn 0.0005 0.7066 -0.7076
vn 0.0008 0.6314 -0.7755
vn -0.0003 0.8340 -0.5518
vn -0.0003 0.8342 -0.5514
vn 0.0002 0.7746 -0.6325
vn -0.0003 0.8335 -0.5525
vn -0.0003 0.8337 -0.5522
vn 0.0002 0.7740 -0.6332
vn 0.0005 0.7089 -0.7053
vn 0.0005 0.7093 -0.7049
vn 0.0008 0.6343 -0.7731
vn -0.0003 0.8359 -0.5488
vn -0.0003 0.8362 -0.5484
vn 0.0001 0.7769 -0.6296
vn -0.0003 0.8355 -0.5496
vn -0.0003 0.8357 -0.5492
vn 0.0001 0.7763 -0.6304
vn 0.0001 0.0145 -0.9999
vn 0.0001 0.0147 -0.9999
vn 0.0007 0.1893 -0.9819
vn 0.0007 0.1897 -0.9818
vn 0.0003 0.0931 -0.9957
vn 0.0007 0.1883 -0.9821
vn 0.0007 0.1888 -0.9820
vn 0.0003 0.0922 -0.9957
vn 0.0010 0.3766 -0.9264
vn 0.0010 0.3771 -0.9262
vn 0.0009 0.2845 -0.9587
vn 0.0010 0.5527 -0.8334
vn 0.0010 0.5531 -0.8331
vn 0.0010 0.4669 -0.8843
vn 0.0010 0.5519 -0.8339
vn 0.0010 0.5523 -0.8337
vn 0.0011 0.4661 -0.8847
vn 0.0010 0.3784 -0.9256
vn 0.0010 0.3788 -0.9255
vn 0.0009 0.2863 -0.9581
vn 0.0010 0.5542 -0.8324
vn 0.0010 0.5546 -0.8321
vn 0.0011 0.4686 -0.8834
vn 0.0010 0.5535 -0.8329
vn 0.0010 0.5538 -0.8326
vn 0.0010 0.4678 -0.8839
vn 0.0001 0.0155 -0.9999
vn 0.0001 0.0157 -0.9999
vn 0.0007 0.1912 -0.9816
vn 0.0007 0.1916 -0.9815
vn 0.0003 0.0951 -0.9955
vn 0.0007 0.1902 -0.9817
vn 0.0007 0.1907 -0.9817
vn 0.0003 0.0941 -0.9956
vn -0.0015 0.9277 -0.3734
vn -0.0015 0.9278 -0.3730
vn -0.0009 0.8866 -0.4626
vn -0.0030 0.9825 -0.1862
vn -0.0030 0.9826 -0.1858
vn -0.0022 0.9598 -0.2806
vn -0.0030 0.9824 -0.1870
vn -0.0030 0.9824 -0.1866
vn -0.0022 0.9596 -0.2814
vn -0.0015 0.9283 -0.3719
vn -0.0015 0.9284 -0.3715
vn -0.0009 0.8874 -0.4610
vn -0.0030 0.9828 -0.1846
vn -0.0030 0.9829 -0.1842
vn -0.0022 0.9603 -0.2791
vn -0.0030 0.9827 -0.1854
vn -0.0030 0.9827 -0.1850
vn -0.0022 0.9600 -0.2798
vn 0.0005 0.7102 -0.7040
vn 0.0005 0.7106 -0.7036
vn 0.0008 0.6357 -0.7719
vn -0.0003 0.8369 -0.5473
vn -0.0003 0.8372 -0.5470
vn 0.0001 0.7780 -0.6282
vn -0.0003 0.8364 -0.5481
vn -0.0003 0.8367 -0.5477
vn 0.0001 0.7774 -0.6289
vn -0.0015 0.9264 -0.3765
vn -0.0015 0.9266 -0.3761
vn -0.0009 0.8850 -0.4656
vn -0.0029 0.9819 -0.1894
vn -0.0030 0.9820 -0.1890
vn -0.0022 0.9589 -0.2838
vn -0.0029 0.9817 -0.1902
vn -0.0029 0.9818 -0.1898
vn -0.0022 0.9586 -0.2846
vn -0.0015 0.9270 -0.3750
vn -0.0015 0.9272 -0.3746
vn -0.0009 0.8858 -0.4641
vn -0.0030 0.9822 -0.1878
vn -0.0030 0.9823 -0.1874
vn -0.0022 0.9593 -0.2822
vn -0.0030 0.9820 -0.1886
vn -0.0030 0.9821 -0.1882
vn -0.0022 0.9591 -0.2830
vn 0.0005 0.7076 -0.7066
vn 0.0005 0.7080 -0.7063
vn 0.0008 0.6328 -0.7743
vn -0.0003 0.8350 -0.5503
vn -0.0003 0.8352 -0.5499
vn 0.0001 0.7757 -0.6311
vn -0.0003 0.8345 -0.5510
vn -0.0003 0.8347 -0.5507
vn 0.0002 0.7752 -0.6318
vn 1.0000 0.0031 0.0052
vn 1.0000 0.0004 0.0036
vn 0.9999 0.0082 0.0093
vn 1.0000 0.0057 0.0072
vn 0.9999 0.0081 0.0092
vn 0.9999 0.0081 0.0093
vn 1.0000 0.0033 0.0053
vn 1.0000 0.0034 0.0053
vn 1.0000 0.0007 0.0036
vn 0.9999 0.0084 0.0093
vn 0.9999 0.0084 0.0094
vn 1.0000 0.0060 0.0072
vn 0.9999 0.0083 0.0093
vn 1.0000 -0.0051 0.0005
vn 1.0000 -0.0050 0.0005
vn 1.0000 0.0001 0.0001
vn 1.0000 -0.0022 0.0022
vn 1.0000 -0.0021 0.0022
vn 1.0000 -0.0050 0.0012
vn 1.0000 -0.0023 0.0022
vn 0.9995 0.0182 0.0247
vn 0.9994 0.0190 0.0301
vn 0.9994 0.0190 0.0302
vn 0.9994 0.0188 0.0275
vn 0.9994 0.0192 0.0300
vn 0.9994 0.0191 0.0301
vn 0.9995 0.0181 0.0249
vn 0.9995 0.0180 0.0249
vn 0.9996 0.0172 0.0222
vn 0.9994 0.0188 0.0304
vn 0.9994 0.0187 0.0305
vn 0.9994 0.0186 0.0277
vn 0.9994 0.0189 0.0303
vn 0.9994 0.0188 0.0303
vn 0.9994 0.0187 0.0276
vn 0.9998 0.0127 0.0141
vn 0.9998 0.0127 0.0142
vn 0.9999 0.0107 0.0117
vn 0.9997 0.0160 0.0194
vn 0.9995 0.0185 0.0244
vn 0.9994 0.0196 0.0297
vn 0.9994 0.0195 0.0298
vn 0.9994 0.0192 0.0271
vn 0.9994 0.0196 0.0296
vn 0.9994 0.0197 0.0297
vn 0.9995 0.0184 0.0245
vn 0.9995 0.0183 0.0245
vn 0.9996 0.0173 0.0218
vn 0.9994 0.0193 0.0299
vn 0.9994 0.0194 0.0298
vn 0.9994 0.0191 0.0272
vn 0.9998 0.0125 0.0140
vn 0.9999 0.0104 0.0115
vn 0.9997 0.0160 0.0191
vn -0.0011 -0.3887 0.9214
vn -0.0010 -0.3883 0.9215
vn -0.0009 -0.2985 0.9544
vn -0.0010 -0.5619 0.8272
vn -0.0010 -0.5615 0.8274
vn -0.0011 -0.4764 0.8792
vn -0.0010 -0.5627 0.8267
vn -0.0010 -0.5623 0.8269
vn -0.0011 -0.4772 0.8788
vn -0.0010 -0.3870 0.9221
vn -0.0010 -0.3865 0.9223
vn -0.0009 -0.2967 0.9550
vn -0.0010 -0.5604 0.8282
vn -0.0010 -0.5600 0.8285
vn -0.0011 -0.4747 0.8801
vn -0.0010 -0.5611 0.8277
vn -0.0010 -0.5608 0.8280
vn -0.0011 -0.4755 0.8797
vn -0.0003 -0.0166 0.9999
vn -0.0003 -0.0164 0.9999
vn -0.0007 -0.2063 0.9785
vn -0.0007 -0.2058 0.9786
vn -0.0004 -0.1136 0.9935
vn -0.0007 -0.2071 0.9783
vn -0.0007 -0.2067 0.9784
vn -0.0004 -0.1146 0.9934
vn 0.0015 -0.9304 0.3665
vn 0.0016 -0.9303 0.3668
vn 0.0009 -0.8908 0.4544
vn 0.0030 -0.9823 0.1872
vn 0.0030 -0.9823 0.1875
vn 0.0022 -0.9607 0.2775
vn 0.0030 -0.9825 0.1865
vn 0.0030 -0.9824 0.1868
vn 0.0022 -0.9609 0.2768
vn 0.0015 -0.9298 0.3680
vn 0.0015 -0.9297 0.3684
vn 0.0009 -0.8900 0.4560
vn 0.0030 -0.9821 0.1886
vn 0.0030 -0.9820 0.1889
vn 0.0022 -0.9603 0.2791
vn 0.0030 -0.9822 0.1879
vn 0.0030 -0.9821 0.1882
vn 0.0022 -0.9605 0.2783
vn -0.0005 -0.7159 0.6982
vn -0.0005 -0.7156 0.6986
vn -0.0008 -0.6408 0.7677
vn 0.0004 -0.8412 0.5407
vn 0.0004 -0.8410 0.5411
vn -0.0001 -0.7826 0.6225
vn 0.0004 -0.8417 0.5400
vn 0.0004 -0.8414 0.5404
vn -0.0001 -0.7832 0.6218
vn 0.0016 -0.9316 0.3634
vn 0.0016 -0.9315 0.3638
vn 0.0009 -0.8923 0.4514
vn 0.0030 -0.9829 0.1843
vn 0.0030 -0.9828 0.1847
vn 0.0023 -0.9616 0.2745
vn 0.0030 -0.9830 0.1836
vn 0.0030 -0.9829 0.1840
vn 0.0023 -0.9618 0.2738
vn 0.0016 -0.9310 0.3649
vn 0.0016 -0.9309 0.3653
vn 0.0009 -0.8915 0.4529
vn 0.0030 -0.9826 0.1857
vn 0.0030 -0.9825 0.1861
vn 0.0023 -0.9611 0.2760
vn 0.0030 -0.9827 0.1850
vn 0.0030 -0.9827 0.1854
vn 0.0023 -0.9614 0.2753
vn -0.0005 -0.7185 0.6956
vn -0.0005 -0.7181 0.6959
vn -0.0008 -0.6437 0.7653
vn 0.0004 -0.8431 0.5378
vn 0.0004 -0.8429 0.5381
vn -0.0001 -0.7849 0.6196
vn 0.0004 -0.8436 0.5370
vn 0.0004 -0.8433 0.5374
vn -0.0001 -0.7855 0.6189
vn -1.0000 -0.0030 -0.0053
vn -1.0000 -0.0029 -0.0053
vn -0.9999 -0.0081 -0.0094
vn -0.9999 -0.0082 -0.0094
vn -1.0000 -0.0028 -0.0052
vn -1.0000 -0.0027 -0.0052
vn -0.9999 -0.0080 -0.0093
vn -1.0000 0.0073 -0.0003
vn -1.0000 0.0074 -0.0003
vn -1.0000 0.0028 -0.0021
vn -1.0000 0.0029 -0.0021
vn -0.9995 -0.0185 -0.0246
vn -0.9994 -0.0194 -0.0300
vn -0.9994 -0.0195 -0.0300
vn -0.9994 -0.0192 -0.0273
vn -0.9994 -0.0192 -0.0301
vn -0.9994 -0.0193 -0.0301
vn -0.9994 -0.0191 -0.0274
vn -0.9995 -0.0187 -0.0245
vn -0.9994 -0.0196 -0.0298
vn -0.9994 -0.0194 -0.0271
vn -0.9994 -0.0195 -0.0299
vn -0.9994 -0.0196 -0.0299
vn -0.9994 -0.0193 -0.0272
vn -0.9999 -0.0104 -0.0116
vn -0.9997 -0.0162 -0.0192
vn -0.9995 -0.0182 -0.0250
vn -0.9995 -0.0182 -0.0249
vn -0.9994 -0.0188 -0.0305
vn -0.9994 -0.0189 -0.0304
vn -0.9994 -0.0187 -0.0306
vn -0.9994 -0.0188 -0.0306
vn -0.9994 -0.0186 -0.0278
vn -0.9995 -0.0183 -0.0248
vn -0.9995 -0.0183 -0.0247
vn -0.9994 -0.0191 -0.0302
vn -0.9994 -0.0192 -0.0302
vn -0.9994 -0.0190 -0.0303
vn -0.9998 -0.0126 -0.0142
vn -0.9997 -0.0161 -0.0194
vn 0.0175 -0.0801 -0.9966
vn 0.0175 -0.0805 -0.9966
vn 0.0177 -0.0809 -0.9966
vn 0.0172 -0.0793 -0.9967
vn 0.0172 -0.0798 -0.9967
vn 0.0174 -0.0802 -0.9966
vn 0.0173 -0.0784 -0.9968
vn 0.0172 -0.0788 -0.9967
vn 0.0174 -0.0792 -0.9967
vn 0.0175 -0.0820 -0.9965
vn 0.0175 -0.0825 -0.9964
vn 0.0176 -0.0828 -0.9964
vn 0.0172 -0.0813 -0.9965
vn 0.0172 -0.0818 -0.9965
vn 0.0174 -0.0821 -0.9965
vn 0.0172 -0.0803 -0.9966
vn 0.0172 -0.0808 -0.9966
vn 0.0174 -0.0812 -0.9965
vn 0.0181 -0.0834 -0.9963
vn 0.0181 -0.0839 -0.9963
vn 0.0183 -0.0791 -0.9967
vn 0.0178 -0.0827 -0.9964
vn 0.0178 -0.0832 -0.9964
vn 0.0180 -0.0836 -0.9963
vn 0.0178 -0.0817 -0.9965
vn 0.0178 -0.0822 -0.9965
vn 0.0180 -0.0826 -0.9964
vn 0.0163 -0.0773 -0.9969
vn 0.0163 -0.0778 -0.9968
vn 0.0165 -0.0781 -0.9968
vn 0.0160 -0.0766 -0.9969
vn 0.0160 -0.0771 -0.9969
vn 0.0162 -0.0774 -0.9969
vn 0.0160 -0.0756 -0.9970
vn 0.0160 -0.0761 -0.9970
vn 0.0162 -0.0765 -0.9969
vn 0.0163 -0.0792 -0.9967
vn 0.0163 -0.0797 -0.9967
vn 0.0165 -0.0800 -0.9967
vn 0.0160 -0.0785 -0.9968
vn 0.0160 -0.0791 -0.9967
vn 0.0162 -0.0794 -0.9967
vn 0.0160 -0.0776 -0.9969
vn 0.0160 -0.0781 -0.9968
vn 0.0162 -0.0784 -0.9968
vn 0.0169 -0.0806 -0.9966
vn 0.0169 -0.0811 -0.9966
vn 0.0171 -0.0814 -0.9965
vn 0.0166 -0.0799 -0.9967
vn 0.0166 -0.0804 -0.9966
vn 0.0167 -0.0807 -0.9966
vn 0.0166 -0.0789 -0.9967
vn 0.0166 -0.0794 -0.9967
vn 0.0168 -0.0798 -0.9967
vn 0.0164 -0.0734 -0.9972
vn 0.0164 -0.0738 -0.9971
vn 0.0165 -0.0742 -0.9971
vn 0.0161 -0.0727 -0.9972
vn 0.0161 -0.0732 -0.9972
vn 0.0162 -0.0735 -0.9972
vn 0.0161 -0.0717 -0.9973
vn 0.0161 -0.0722 -0.9973
vn 0.0162 -0.0725 -0.9972
vn 0.0164 -0.0753 -0.9970
vn 0.0164 -0.0758 -0.9970
vn 0.0165 -0.0761 -0.9970
vn 0.0160 -0.0747 -0.9971
vn 0.0160 -0.0751 -0.9970
vn 0.0162 -0.0755 -0.9970
vn 0.0161 -0.0737 -0.9972
vn 0.0160 -0.0742 -0.9971
vn 0.0162 -0.0745 -0.9971
vn 0.0170 -0.0767 -0.9969
vn 0.0170 -0.0772 -0.9969
vn 0.0171 -0.0775 -0.9968
vn 0.0166 -0.0760 -0.9970
vn 0.0166 -0.0765 -0.9969
vn 0.0168 -0.0768 -0.9969
vn 0.0167 -0.0750 -0.9970
vn 0.0167 -0.0755 -0.9970
vn 0.0168 -0.0758 -0.9970
vn -0.0000 0.9999 -0.0129
vn -0.0000 0.9999 -0.0106
vn 0.0176 -0.0761 -0.9969
vn 0.0176 -0.0766 -0.9969
vn 0.0177 -0.0770 -0.9969
vn 0.0173 -0.0754 -0.9970
vn 0.0173 -0.0759 -0.9970
vn 0.0174 -0.0763 -0.9969
vn 0.0173 -0.0744 -0.9971
vn 0.0173 -0.0749 -0.9970
vn 0.0174 -0.0753 -0.9970
vn 0.0176 -0.0781 -0.9968
vn 0.0176 -0.0786 -0.9968
vn 0.0177 -0.0789 -0.9967
vn 0.0173 -0.0774 -0.9969
vn 0.0173 -0.0779 -0.9968
vn 0.0174 -0.0782 -0.9968
vn 0.0173 -0.0764 -0.9969
vn 0.0173 -0.0769 -0.9969
vn 0.0174 -0.0772 -0.9969
vn 0.0182 -0.0780 -0.9968
vn 0.0182 -0.0787 -0.9967
vn 0.0184 -0.0740 -0.9971
vn 0.0179 -0.0788 -0.9967
vn 0.0179 -0.0793 -0.9967
vn 0.0180 -0.0797 -0.9967
vn 0.0179 -0.0778 -0.9968
vn 0.0179 -0.0783 -0.9968
vn 0.0180 -0.0787 -0.9967
vn -1.0000 -0.0034 -0.0054
vn -0.9999 -0.0085 -0.0095
vn -0.9999 -0.0084 -0.0094
vn -0.9999 -0.0086 -0.0095
vn -1.0000 -0.0061 -0.0073
vn -1.0000 -0.0032 -0.0053
vn -1.0000 -0.0031 -0.0053
vn -0.9999 -0.0083 -0.0094
vn -1.0000 -0.0057 -0.0073
vn -1.0000 0.0063 -0.0004
vn -1.0000 0.0064 -0.0004
vn -1.0000 0.0024 -0.0022
vn -1.0000 0.0023 -0.0023
vn -1.0000 0.0052 -0.0011
vn -0.0010 -0.3921 0.9199
vn -0.0011 -0.3917 0.9201
vn -0.0009 -0.3020 0.9533
vn -0.0010 -0.5651 0.8251
vn -0.0010 -0.5647 0.8253
vn -0.0011 -0.4797 0.8775
vn -0.0010 -0.5658 0.8245
vn -0.0010 -0.5654 0.8248
vn -0.0011 -0.4805 0.8770
vn -0.0010 -0.3904 0.9206
vn -0.0010 -0.3900 0.9208
vn -0.0009 -0.3002 0.9539
vn -0.0010 -0.5635 0.8261
vn -0.0010 -0.5631 0.8264
vn -0.0010 -0.4780 0.8784
vn -0.0010 -0.5643 0.8256
vn -0.0010 -0.5639 0.8259
vn -0.0010 -0.4788 0.8779
vn -0.0003 -0.0188 0.9998
vn -0.0003 -0.0186 0.9998
vn -0.0007 -0.2098 0.9777
vn -0.0007 -0.2094 0.9778
vn -0.0004 -0.1176 0.9931
vn -0.0007 -0.2108 0.9775
vn -0.0007 -0.2103 0.9776
vn -0.0004 -0.1186 0.9929
vn 1.0000 0.0026 0.0051
vn 1.0000 0.0027 0.0051
vn 1.0000 -0.0001 0.0035
vn 0.9999 0.0079 0.0092
vn 0.9999 0.0078 0.0092
vn 1.0000 0.0028 0.0052
vn 1.0000 0.0029 0.0052
vn 0.9999 0.0080 0.0092
vn 1.0000 -0.0064 0.0004
vn 1.0000 -0.0062 0.0004
vn 1.0000 -0.0028 0.0021
vn 1.0000 -0.0027 0.0021
vn 1.0000 -0.0056 0.0010
vn 1.0000 -0.0029 0.0021
vn 0.0010 0.3731 -0.9278
vn 0.0010 0.3736 -0.9276
vn 0.0009 0.2808 -0.9598
vn 0.0010 0.5495 -0.8355
vn 0.0010 0.5499 -0.8352
vn 0.0011 0.4636 -0.8861
vn 0.0010 0.5487 -0.8360
vn 0.0010 0.5491 -0.8357
vn 0.0011 0.4627 -0.8865
vn 0.0010 0.3749 -0.9271
vn 0.0010 0.3753 -0.9269
vn 0.0009 0.2826 -0.9592
vn 0.0010 0.5511 -0.8344
vn 0.0010 0.5515 -0.8342
vn 0.0011 0.4653 -0.8852
vn 0.0010 0.5503 -0.8350
vn 0.0010 0.5507 -0.8347
vn 0.0011 0.4644 -0.8856
vn 0.0001 0.0135 -0.9999
vn 0.0001 0.0137 -0.9999
vn 0.0007 0.1873 -0.9823
vn 0.0007 0.1878 -0.9822
vn 0.0003 0.0912 -0.9958
vn 0.0007 0.1864 -0.9825
vn 0.0007 0.1869 -0.9824
vn 0.0003 0.0902 -0.9959
vn 0.0001 0.0130 -0.9999
vn 0.0001 0.0132 -0.9999
vn 0.0010 0.3740 -0.9274
vn 0.0010 0.3744 -0.9273
vn 0.0009 0.2817 -0.9595
vn 0.0010 0.3722 -0.9281
vn 0.0010 0.3727 -0.9280
vn 0.0009 0.2799 -0.9600
vn 1.0000 -0.0066 0.0003
vn 1.0000 -0.0065 0.0004
vn 1.0000 0.0027 0.0052
vn -0.0003 -0.0194 0.9998
vn -0.0003 -0.0191 0.9998
vn -0.0010 -0.3913 0.9203
vn -0.0010 -0.3909 0.9204
vn -0.0009 -0.3011 0.9536
vn -0.0010 -0.3930 0.9195
vn -0.0010 -0.3926 0.9197
vn -0.0009 -0.3029 0.9530
vn -1.0000 0.0060 -0.0004
vn -1.0000 0.0061 -0.0004
vn -1.0000 -0.0033 -0.0054
vn -1.0000 -0.0005 -0.0037
vn -1.0000 -0.0036 -0.0054
vn -1.0000 -0.0035 -0.0054
vn -1.0000 -0.0008 -0.0037
vn 0.0182 -0.0765 -0.9969
vn 0.0182 -0.0773 -0.9968
vn 0.0184 -0.0729 -0.9972
vn 0.0176 -0.0771 -0.9969
vn 0.0176 -0.0776 -0.9968
vn 0.0177 -0.0780 -0.9968
vn 0.0176 -0.0752 -0.9970
vn 0.0176 -0.0756 -0.9970
vn 0.0177 -0.0760 -0.9969
vn -0.0000 0.9999 -0.0101
vn -0.0000 0.9999 -0.0124
vn 0.0170 -0.0757 -0.9970
vn 0.0170 -0.0762 -0.9969
vn 0.0171 -0.0765 -0.9969
vn 0.0164 -0.0743 -0.9971
vn 0.0164 -0.0748 -0.9971
vn 0.0165 -0.0752 -0.9970
vn 0.0164 -0.0723 -0.9972
vn 0.0164 -0.0728 -0.9972
vn 0.0165 -0.0732 -0.9972
vn 0.0169 -0.0796 -0.9967
vn 0.0169 -0.0801 -0.9966
vn 0.0171 -0.0805 -0.9966
vn 0.0163 -0.0783 -0.9968
vn 0.0163 -0.0787 -0.9968
vn 0.0165 -0.0791 -0.9967
vn 0.0163 -0.0763 -0.9970
vn 0.0163 -0.0768 -0.9969
vn 0.0165 -0.0771 -0.9969
vn 0.0182 -0.0824 -0.9964
vn 0.0181 -0.0829 -0.9964
vn 0.0183 -0.0775 -0.9968
vn 0.0175 -0.0810 -0.9966
vn 0.0175 -0.0815 -0.9965
vn 0.0177 -0.0819 -0.9965
vn 0.0175 -0.0791 -0.9967
vn 0.0176 -0.0796 -0.9967
vn 0.0177 -0.0799 -0.9966
vn -0.9995 -0.0181 -0.0251
vn -0.9995 -0.0181 -0.0250
vn -0.9996 -0.0173 -0.0223
vn -0.9995 -0.0186 -0.0246
vn -0.9995 -0.0186 -0.0245
vn -0.9996 -0.0176 -0.0219
vn -0.9995 -0.0184 -0.0247
vn -1.0000 0.0070 -0.0003
vn -1.0000 0.0072 -0.0003
vn -1.0000 -0.0028 -0.0053
vn -0.0005 -0.7191 0.6949
vn -0.0005 -0.7188 0.6952
vn -0.0008 -0.6444 0.7647
vn 0.0016 -0.9313 0.3642
vn 0.0016 -0.9312 0.3646
vn 0.0009 -0.8919 0.4522
vn 0.0016 -0.9319 0.3627
vn 0.0016 -0.9318 0.3630
vn 0.0010 -0.8927 0.4507
vn -0.0005 -0.7165 0.6976
vn -0.0005 -0.7162 0.6979
vn -0.0008 -0.6415 0.7671
vn 0.0016 -0.9301 0.3672
vn 0.0015 -0.9300 0.3676
vn 0.0009 -0.8904 0.4552
vn 0.0016 -0.9307 0.3657
vn 0.0016 -0.9306 0.3661
vn 0.0009 -0.8912 0.4537
vn -0.0003 -0.0172 0.9999
vn -0.0003 -0.0169 0.9999
vn -0.0010 -0.3878 0.9217
vn -0.0010 -0.3874 0.9219
vn -0.0009 -0.2976 0.9547
vn -0.0011 -0.3896 0.9210
vn -0.0010 -0.3891 0.9212
vn -0.0009 -0.2993 0.9541
vn 0.9998 0.0125 0.0139
vn 0.9995 0.0186 0.0243
vn 0.9995 0.0181 0.0248
vn 0.9995 0.0183 0.0246
vn 1.0000 -0.0055 0.0004
vn 1.0000 -0.0053 0.0005
vn 1.0000 0.0032 0.0053
vn 1.0000 0.0030 0.0052
vn 1.0000 0.0003 0.0035
vn 0.0005 0.7070 -0.7072
vn 0.0005 0.7073 -0.7069
vn 0.0008 0.6321 -0.7749
vn -0.0015 0.9267 -0.3758
vn -0.0015 0.9269 -0.3754
vn -0.0009 0.8854 -0.4648
vn -0.0015 0.9261 -0.3773
vn -0.0015 0.9262 -0.3769
vn -0.0009 0.8846 -0.4664
vn 0.0005 0.7096 -0.7046
vn 0.0005 0.7099 -0.7043
vn 0.0008 0.6350 -0.7725
vn -0.0015 0.9280 -0.3726
vn -0.0015 0.9281 -0.3722
vn -0.0009 0.8870 -0.4618
vn -0.0015 0.9273 -0.3742
vn -0.0015 0.9275 -0.3738
vn -0.0009 0.8862 -0.4633
vn 0.0001 0.0150 -0.9999
vn 0.0001 0.0152 -0.9999
vn 0.0010 0.3775 -0.9260
vn 0.0010 0.3780 -0.9258
vn 0.0009 0.2854 -0.9584
vn 0.0010 0.3758 -0.9267
vn 0.0010 0.3762 -0.9265
vn 0.0009 0.2836 -0.9590
vn 0.0001 0.0140 -0.9999
vn 0.0001 0.0142 -0.9999
vn 0.0005 0.7083 -0.7059
vn 0.0005 0.7086 -0.7056
vn 0.0008 0.6335 -0.7737
vn 0.0005 0.7057 -0.7085
vn 0.0005 0.7060 -0.7082
vn 0.0008 0.6306 -0.7761
vn 1.0000 -0.0061 0.0004
vn 1.0000 -0.0060 0.0004
vn -0.0003 -0.0183 0.9998
vn -0.0003 -0.0180 0.9998
vn -0.0005 -0.7178 0.6962
vn -0.0005 -0.7175 0.6966
vn -0.0008 -0.6430 0.7659
vn -0.0005 -0.7204 0.6936
vn -0.0005 -0.7201 0.6939
vn -0.0008 -0.6459 0.7634
vn -1.0000 0.0066 -0.0004
vn -1.0000 0.0067 -0.0004
vn 0.0182 -0.0795 -0.9967
vn 0.0182 -0.0802 -0.9966
vn 0.0184 -0.0751 -0.9970
vn 0.0169 -0.0777 -0.9968
vn 0.0169 -0.0782 -0.9968
vn 0.0171 -0.0785 -0.9968
vn 0.0170 -0.0737 -0.9971
vn 0.0170 -0.0742 -0.9971
vn 0.0171 -0.0746 -0.9971
vn -0.0000 0.9999 -0.0112
vn -0.0000 1.0000 -0.0090
vn 0.0182 -0.0737 -0.9971
vn 0.0182 -0.0744 -0.9971
vn 0.0184 -0.0707 -0.9973
vn -1.0000 0.0054 -0.0006
vn -1.0000 0.0055 -0.0005
vn -0.0003 -0.0205 0.9998
vn -0.0003 -0.0202 0.9998
vn 1.0000 -0.0071 0.0003
vn 1.0000 -0.0070 0.0003
vn 0.0001 0.0121 -0.9999
vn 0.0001 0.0123 -0.9999
vt 0.609375 0.234375
vt 0.625000 0.234375
vt 0.625000 0.250000
vt 0.609375 0.250000
vt 0.609375 0.484375
vt 0.625000 0.484375
vt 0.625000 0.500000
vt 0.609375 0.500000
vt 0.609375 0.734375
vt 0.625000 0.734375
vt 0.625000 0.750000
vt 0.609375 0.750000
vt 0.609375 0.984375
vt 0.625000 0.984375
vt 0.625000 1.000000
vt 0.609375 1.000000
vt 0.359375 0.734375
vt 0.375000 0.734375
vt 0.375000 0.750000
vt 0.359375 0.750000
vt 0.859375 0.734375
vt 0.875000 0.734375
vt 0.875000 0.750000
vt 0.859375 0.750000
vt 0.734375 0.734375
vt 0.750000 0.734375
vt 0.750000 0.750000
vt 0.734375 0.750000
vt 0.734375 0.609375
vt 0.750000 0.609375
vt 0.750000 0.625000
vt 0.734375 0.625000
vt 0.859375 0.609375
vt 0.875000 0.609375
vt 0.875000 0.625000
vt 0.859375 0.625000
vt 0.234375 0.734375
vt 0.250000 0.734375
vt 0.250000 0.750000
vt 0.234375 0.750000
vt 0.234375 0.609375
vt 0.250000 0.609375
vt 0.250000 0.625000
vt 0.234375 0.625000
vt 0.359375 0.609375
vt 0.375000 0.609375
vt 0.375000 0.625000
vt 0.359375 0.625000
vt 0.484375 0.984375
vt 0.500000 0.984375
vt 0.500000 1.000000
vt 0.484375 1.000000
vt 0.484375 0.859375
vt 0.500000 0.859375
vt 0.500000 0.875000
vt 0.484375 0.875000
vt 0.609375 0.859375
vt 0.625000 0.859375
vt 0.625000 0.875000
vt 0.609375 0.875000
vt 0.484375 0.734375
vt 0.500000 0.734375
vt 0.500000 0.750000
vt 0.484375 0.750000
vt 0.484375 0.609375
vt 0.500000 0.609375
vt 0.500000 0.625000
vt 0.484375 0.625000
vt 0.609375 0.609375
vt 0.625000 0.609375
vt 0.625000 0.625000
vt 0.609375 0.625000
vt 0.484375 0.484375
vt 0.500000 0.484375
vt 0.500000 0.500000
vt 0.484375 0.500000
vt 0.484375 0.359375
vt 0.500000 0.359375
vt 0.500000 0.375000
vt 0.484375 0.375000
vt 0.609375 0.359375
vt 0.625000 0.359375
vt 0.625000 0.375000
vt 0.609375 0.375000
vt 0.484375 0.234375
vt 0.500000 0.234375
vt 0.500000 0.250000
vt 0.484375 0.250000
vt 0.484375 0.109375
vt 0.500000 0.109375
vt 0.500000 0.125000
vt 0.484375 0.125000
vt 0.609375 0.109375
vt 0.625000 0.109375
vt 0.625000 0.125000
vt 0.609375 0.125000
vt 0.546875 0.109375
vt 0.562500 0.109375
vt 0.562500 0.125000
vt 0.546875 0.125000
vt 0.546875 0.046875
vt 0.562500 0.046875
vt 0.562500 0.062500
vt 0.546875 0.062500
vt 0.609375 0.046875
vt 0.625000 0.046875
vt 0.625000 0.062500
vt 0.609375 0.062500
vt 0.421875 0.109375
vt 0.437500 0.109375
vt 0.437500 0.125000
vt 0.421875 0.125000
vt 0.421875 0.046875
vt 0.437500 0.046875
vt 0.437500 0.062500
vt 0.421875 0.062500
vt 0.484375 0.046875
vt 0.500000 0.046875
vt 0.500000 0.062500
vt 0.484375 0.062500
vt 0.421875 0.234375
vt 0.437500 0.234375
vt 0.437500 0.250000
vt 0.421875 0.250000
vt 0.421875 0.171875
vt 0.437500 0.171875
vt 0.437500 0.187500
vt 0.421875 0.187500
vt 0.484375 0.171875
vt 0.500000 0.171875
vt 0.500000 0.187500
vt 0.484375 0.187500
vt 0.546875 0.359375
vt 0.562500 0.359375
vt 0.562500 0.375000
vt 0.546875 0.375000
vt 0.546875 0.296875
vt 0.562500 0.296875
vt 0.562500 0.312500
vt 0.546875 0.312500
vt 0.609375 0.296875
vt 0.625000 0.296875
vt 0.625000 0.312500
vt 0.609375 0.312500
vt 0.421875 0.359375
vt 0.437500 0.359375
vt 0.437500 0.375000
vt 0.421875 0.375000
vt 0.421875 0.296875
vt 0.437500 0.296875
vt 0.437500 0.312500
vt 0.421875 0.312500
vt 0.484375 0.296875
vt 0.500000 0.296875
vt 0.500000 0.312500
vt 0.484375 0.312500
vt 0.421875 0.484375
vt 0.437500 0.484375
vt 0.437500 0.500000
vt 0.421875 0.500000
vt 0.421875 0.421875
vt 0.437500 0.421875
vt 0.437500 0.437500
vt 0.421875 0.437500
vt 0.484375 0.421875
vt 0.500000 0.421875
vt 0.500000 0.437500
vt 0.484375 0.437500
vt 0.546875 0.609375
vt 0.562500 0.609375
vt 0.562500 0.625000
vt 0.546875 0.625000
vt 0.546875 0.546875
vt 0.562500 0.546875
vt 0.562500 0.562500
vt 0.546875 0.562500
vt 0.609375 0.546875
vt 0.625000 0.546875
vt 0.625000 0.562500
vt 0.609375 0.562500
vt 0.421875 0.609375
vt 0.437500 0.609375
vt 0.437500 0.625000
vt 0.421875 0.625000
vt 0.421875 0.546875
vt 0.437500 0.546875
vt 0.437500 0.562500
vt 0.421875 0.562500
vt 0.484375 0.546875
vt 0.500000 0.546875
vt 0.500000 0.562500
vt 0.484375 0.562500
vt 0.421875 0.734375
vt 0.437500 0.734375
vt 0.437500 0.750000
vt 0.421875 0.750000
vt 0.421875 0.671875
vt 0.437500 0.671875
vt 0.437500 0.687500
vt 0.421875 0.687500
vt 0.484375 0.671875
vt 0.500000 0.671875
vt 0.500000 0.687500
vt 0.484375 0.687500
vt 0.546875 0.859375
vt 0.562500 0.859375
vt 0.562500 0.875000
vt 0.546875 0.875000
vt 0.546875 0.796875
vt 0.562500 0.796875
vt 0.562500 0.812500
vt 0.546875 0.812500
vt 0.609375 0.796875
vt 0.625000 0.796875
vt 0.625000 0.812500
vt 0.609375 0.812500
vt 0.421875 0.859375
vt 0.437500 0.859375
vt 0.437500 0.875000
vt 0.421875 0.875000
vt 0.421875 0.796875
vt 0.437500 0.796875
vt 0.437500 0.812500
vt 0.421875 0.812500
vt 0.484375 0.796875
vt 0.500000 0.796875
vt 0.500000 0.812500
vt 0.484375 0.812500
vt 0.421875 0.984375
vt 0.437500 0.984375
vt 0.437500 1.000000
vt 0.421875 1.000000
vt 0.421875 0.921875
vt 0.437500 0.921875
vt 0.437500 0.937500
vt 0.421875 0.937500
vt 0.484375 0.921875
vt 0.500000 0.921875
vt 0.500000 0.937500
vt 0.484375 0.937500
vt 0.296875 0.609375
vt 0.312500 0.609375
vt 0.312500 0.625000
vt 0.296875 0.625000
vt 0.296875 0.546875
vt 0.312500 0.546875
vt 0.312500 0.562500
vt 0.296875 0.562500
vt 0.359375 0.546875
vt 0.375000 0.546875
vt 0.375000 0.562500
vt 0.359375 0.562500
vt 0.171875 0.609375
vt 0.187500 0.609375
vt 0.187500 0.625000
vt 0.171875 0.625000
vt 0.171875 0.546875
vt 0.187500 0.546875
vt 0.187500 0.562500
vt 0.171875 0.562500
vt 0.234375 0.546875
vt 0.250000 0.546875
vt 0.250000 0.562500
vt 0.234375 0.562500
vt 0.171875 0.734375
vt 0.187500 0.734375
vt 0.187500 0.750000
vt 0.171875 0.750000
vt 0.171875 0.671875
vt 0.187500 0.671875
vt 0.187500 0.687500
vt 0.171875 0.687500
vt 0.234375 0.671875
vt 0.250000 0.671875
vt 0.250000 0.687500
vt 0.234375 0.687500
vt 0.796875 0.609375
vt 0.812500 0.609375
vt 0.812500 0.625000
vt 0.796875 0.625000
vt 0.796875 0.546875
vt 0.812500 0.546875
vt 0.812500 0.562500
vt 0.796875 0.562500
vt 0.859375 0.546875
vt 0.875000 0.546875
vt 0.875000 0.562500
vt 0.859375 0.562500
vt 0.671875 0.609375
vt 0.687500 0.609375
vt 0.687500 0.625000
vt 0.671875 0.625000
vt 0.671875 0.546875
vt 0.687500 0.546875
vt 0.687500 0.562500
vt 0.671875 0.562500
vt 0.734375 0.546875
vt 0.750000 0.546875
vt 0.750000 0.562500
vt 0.734375 0.562500
vt 0.671875 0.734375
vt 0.687500 0.734375
vt 0.687500 0.750000
vt 0.671875 0.750000
vt 0.671875 0.671875
vt 0.687500 0.671875
vt 0.687500 0.687500
vt 0.671875 0.687500
vt 0.734375 0.671875
vt 0.750000 0.671875
vt 0.750000 0.687500
vt 0.734375 0.687500
vt 0.796875 0.734375
vt 0.812500 0.734375
vt 0.812500 0.750000
vt 0.796875 0.750000
vt 0.796875 0.671875
vt 0.812500 0.671875
vt 0.812500 0.687500
vt 0.796875 0.687500
vt 0.859375 0.671875
vt 0.875000 0.671875
vt 0.875000 0.687500
vt 0.859375 0.687500
vt 0.296875 0.734375
vt 0.312500 0.734375
vt 0.312500 0.750000
vt 0.296875 0.750000
vt 0.296875 0.671875
vt 0.312500 0.671875
vt 0.312500 0.687500
vt 0.296875 0.687500
vt 0.359375 0.671875
vt 0.375000 0.671875
vt 0.375000 0.687500
vt 0.359375 0.687500
vt 0.546875 0.984375
vt 0.562500 0.984375
vt 0.562500 1.000000
vt 0.546875 1.000000
vt 0.546875 0.921875
vt 0.562500 0.921875
vt 0.562500 0.937500
vt 0.546875 0.937500
vt 0.609375 0.921875
vt 0.625000 0.921875
vt 0.625000 0.937500
vt 0.609375 0.937500
vt 0.546875 0.734375
vt 0.562500 0.734375
vt 0.562500 0.750000
vt 0.546875 0.750000
vt 0.546875 0.671875
vt 0.562500 0.671875
vt 0.562500 0.687500
vt 0.546875 0.687500
vt 0.609375 0.671875
vt 0.625000 0.671875
vt 0.625000 0.687500
vt 0.609375 0.687500
vt 0.546875 0.484375
vt 0.562500 0.484375
vt 0.562500 0.500000
vt 0.546875 0.500000
vt 0.546875 0.421875
vt 0.562500 0.421875
vt 0.562500 0.437500
vt 0.546875 0.437500
vt 0.609375 0.421875
vt 0.625000 0.421875
vt 0.625000 0.437500
vt 0.609375 0.437500
vt 0.546875 0.234375
vt 0.562500 0.234375
vt 0.562500 0.250000
vt 0.546875 0.250000
vt 0.546875 0.171875
vt 0.562500 0.171875
vt 0.562500 0.187500
vt 0.546875 0.187500
vt 0.609375 0.171875
vt 0.625000 0.171875
vt 0.625000 0.187500
vt 0.609375 0.187500
vt 0.578125 0.171875
vt 0.593750 0.171875
vt 0.593750 0.187500
vt 0.578125 0.187500
vt 0.578125 0.140625
vt 0.593750 0.140625
vt 0.593750 0.156250
vt 0.578125 0.156250
vt 0.609375 0.140625
vt 0.625000 0.140625
vt 0.625000 0.156250
vt 0.609375 0.156250
vt 0.515625 0.171875
vt 0.531250 0.171875
vt 0.531250 0.187500
vt 0.515625 0.187500
vt 0.515625 0.140625
vt 0.531250 0.140625
vt 0.531250 0.156250
vt 0.515625 0.156250
vt 0.546875 0.140625
vt 0.562500 0.140625
vt 0.562500 0.156250
vt 0.546875 0.156250
vt 0.515625 0.234375
vt 0.531250 0.234375
vt 0.531250 0.250000
vt 0.515625 0.250000
vt 0.515625 0.203125
vt 0.531250 0.203125
vt 0.531250 0.218750
vt 0.515625 0.218750
vt 0.546875 0.203125
vt 0.562500 0.203125
vt 0.562500 0.218750
vt 0.546875 0.218750
vt 0.578125 0.421875
vt 0.593750 0.421875
vt 0.593750 0.437500
vt 0.578125 0.437500
vt 0.578125 0.390625
vt 0.593750 0.390625
vt 0.593750 0.406250
vt 0.578125 0.406250
vt 0.609375 0.390625
vt 0.625000 0.390625
vt 0.625000 0.406250
vt 0.609375 0.406250
vt 0.515625 0.421875
vt 0.531250 0.421875
vt 0.531250 0.437500
vt 0.515625 0.437500
vt 0.515625 0.390625
vt 0.531250 0.390625
vt 0.531250 0.406250
vt 0.515625 0.406250
vt 0.546875 0.390625
vt 0.562500 0.390625
vt 0.562500 0.406250
vt 0.546875 0.406250
vt 0.515625 0.484375
vt 0.531250 0.484375
vt 0.531250 0.500000
vt 0.515625 0.500000
vt 0.515625 0.453125
vt 0.531250 0.453125
vt 0.531250 0.468750
vt 0.515625 0.468750
vt 0.546875 0.453125
vt 0.562500 0.453125
vt 0.562500 0.468750
vt 0.546875 0.468750
vt 0.578125 0.671875
vt 0.593750 0.671875
vt 0.593750 0.687500
vt 0.578125 0.687500
vt 0.578125 0.640625
vt 0.593750 0.640625
vt 0.593750 0.656250
vt 0.578125 0.656250
vt 0.609375 0.640625
vt 0.625000 0.640625
vt 0.625000 0.656250
vt 0.609375 0.656250
vt 0.515625 0.671875
vt 0.531250 0.671875
vt 0.531250 0.687500
vt 0.515625 0.687500
vt 0.515625 0.640625
vt 0.531250 0.640625
vt 0.531250 0.656250
vt 0.515625 0.656250
vt 0.546875 0.640625
vt 0.562500 0.640625
vt 0.562500 0.656250
vt 0.546875 0.656250
vt 0.515625 0.734375
vt 0.531250 0.734375
vt 0.531250 0.750000
vt 0.515625 0.750000
vt 0.515625 0.703125
vt 0.531250 0.703125
vt 0.531250 0.718750
vt 0.515625 0.718750
vt 0.546875 0.703125
vt 0.562500 0.703125
vt 0.562500 0.718750
vt 0.546875 0.718750
vt 0.578125 0.921875
vt 0.593750 0.921875
vt 0.593750 0.937500
vt 0.578125 0.937500
vt 0.578125 0.890625
vt 0.593750 0.890625
vt 0.593750 0.906250
vt 0.578125 0.906250
vt 0.609375 0.890625
vt 0.625000 0.890625
vt 0.625000 0.906250
vt 0.609375 0.906250
vt 0.515625 0.921875
vt 0.531250 0.921875
vt 0.531250 0.937500
vt 0.515625 0.937500
vt 0.515625 0.890625
vt 0.531250 0.890625
vt 0.531250 0.906250
vt 0.515625 0.906250
vt 0.546875 0.890625
vt 0.562500 0.890625
vt 0.562500 0.906250
vt 0.546875 0.906250
vt 0.515625 0.984375
vt 0.531250 0.984375
vt 0.531250 1.000000
vt 0.515625 1.000000
vt 0.515625 0.953125
vt 0.531250 0.953125
vt 0.531250 0.968750
vt 0.515625 0.968750
vt 0.546875 0.953125
vt 0.562500 0.953125
vt 0.562500 0.968750
vt 0.546875 0.968750
vt 0.328125 0.671875
vt 0.343750 0.671875
vt 0.343750 0.687500
vt 0.328125 0.687500
vt 0.328125 0.640625
vt 0.343750 0.640625
vt 0.343750 0.656250
vt 0.328125 0.656250
vt 0.359375 0.640625
vt 0.375000 0.640625
vt 0.375000 0.656250
vt 0.359375 0.656250
vt 0.265625 0.671875
vt 0.281250 0.671875
vt 0.281250 0.687500
vt 0.265625 0.687500
vt 0.265625 0.640625
vt 0.281250 0.640625
vt 0.281250 0.656250
vt 0.265625 0.656250
vt 0.296875 0.640625
vt 0.312500 0.640625
vt 0.312500 0.656250
vt 0.296875 0.656250
vt 0.265625 0.734375
vt 0.281250 0.734375
vt 0.281250 0.750000
vt 0.265625 0.750000
vt 0.265625 0.703125
vt 0.281250 0.703125
vt 0.281250 0.718750
vt 0.265625 0.718750
vt 0.296875 0.703125
vt 0.312500 0.703125
vt 0.312500 0.718750
vt 0.296875 0.718750
vt 0.828125 0.671875
vt 0.843750 0.671875
vt 0.843750 0.687500
vt 0.828125 0.687500
vt 0.828125 0.640625
vt 0.843750 0.640625
vt 0.843750 0.656250
vt 0.828125 0.656250
vt 0.859375 0.640625
vt 0.875000 0.640625
vt 0.875000 0.656250
vt 0.859375 0.656250
vt 0.765625 0.671875
vt 0.781250 0.671875
vt 0.781250 0.687500
vt 0.765625 0.687500
vt 0.765625 0.640625
vt 0.781250 0.640625
vt 0.781250 0.656250
vt 0.765625 0.656250
vt 0.796875 0.640625
vt 0.812500 0.640625
vt 0.812500 0.656250
vt 0.796875 0.656250
vt 0.765625 0.734375
vt 0.781250 0.734375
vt 0.781250 0.750000
vt 0.765625 0.750000
vt 0.765625 0.703125
vt 0.781250 0.703125
vt 0.781250 0.718750
vt 0.765625 0.718750
vt 0.796875 0.703125
vt 0.812500 0.703125
vt 0.812500 0.718750
vt 0.796875 0.718750
vt 0.703125 0.671875
vt 0.718750 0.671875
vt 0.718750 0.687500
vt 0.703125 0.687500
vt 0.703125 0.640625
vt 0.718750 0.640625
vt 0.718750 0.656250
vt 0.703125 0.656250
vt 0.734375 0.640625
vt 0.750000 0.640625
vt 0.750000 0.656250
vt 0.734375 0.656250
vt 0.640625 0.671875
vt 0.656250 0.671875
vt 0.656250 0.687500
vt 0.640625 0.687500
vt 0.640625 0.640625
vt 0.656250 0.640625
vt 0.656250 0.656250
vt 0.640625 0.656250
vt 0.671875 0.640625
vt 0.687500 0.640625
vt 0.687500 0.656250
vt 0.671875 0.656250
vt 0.640625 0.734375
vt 0.656250 0.734375
vt 0.656250 0.750000
vt 0.640625 0.750000
vt 0.640625 0.703125
vt 0.656250 0.703125
vt 0.656250 0.718750
vt 0.640625 0.718750
vt 0.671875 0.703125
vt 0.687500 0.703125
vt 0.687500 0.718750
vt 0.671875 0.718750
vt 0.703125 0.546875
vt 0.718750 0.546875
vt 0.718750 0.562500
vt 0.703125 0.562500
vt 0.703125 0.515625
vt 0.718750 0.515625
vt 0.718750 0.531250
vt 0.703125 0.531250
vt 0.734375 0.515625
vt 0.750000 0.515625
vt 0.750000 0.531250
vt 0.734375 0.531250
vt 0.640625 0.546875
vt 0.656250 0.546875
vt 0.656250 0.562500
vt 0.640625 0.562500
vt 0.640625 0.515625
vt 0.656250 0.515625
vt 0.656250 0.531250
vt 0.640625 0.531250
vt 0.671875 0.515625
vt 0.687500 0.515625
vt 0.687500 0.531250
vt 0.671875 0.531250
vt 0.640625 0.609375
vt 0.656250 0.609375
vt 0.656250 0.625000
vt 0.640625 0.625000
vt 0.640625 0.578125
vt 0.656250 0.578125
vt 0.656250 0.593750
vt 0.640625 0.593750
vt 0.671875 0.578125
vt 0.687500 0.578125
vt 0.687500 0.593750
vt 0.671875 0.593750
vt 0.828125 0.546875
vt 0.843750 0.546875
vt 0.843750 0.562500
vt 0.828125 0.562500
vt 0.828125 0.515625
vt 0.843750 0.515625
vt 0.843750 0.531250
vt 0.828125 0.531250
vt 0.859375 0.515625
vt 0.875000 0.515625
vt 0.875000 0.531250
vt 0.859375 0.531250
vt 0.765625 0.546875
vt 0.781250 0.546875
vt 0.781250 0.562500
vt 0.765625 0.562500
vt 0.765625 0.515625
vt 0.781250 0.515625
vt 0.781250 0.531250
vt 0.765625 0.531250
vt 0.796875 0.515625
vt 0.812500 0.515625
vt 0.812500 0.531250
vt 0.796875 0.531250
vt 0.765625 0.609375
vt 0.781250 0.609375
vt 0.781250 0.625000
vt 0.765625 0.625000
vt 0.765625 0.578125
vt 0.781250 0.578125
vt 0.781250 0.593750
vt 0.765625 0.593750
vt 0.796875 0.578125
vt 0.812500 0.578125
vt 0.812500 0.593750
vt 0.796875 0.593750
vt 0.203125 0.671875
vt 0.218750 0.671875
vt 0.218750 0.687500
vt 0.203125 0.687500
vt 0.203125 0.640625
vt 0.218750 0.640625
vt 0.218750 0.656250
vt 0.203125 0.656250
vt 0.234375 0.640625
vt 0.250000 0.640625
vt 0.250000 0.656250
vt 0.234375 0.656250
vt 0.140625 0.671875
vt 0.156250 0.671875
vt 0.156250 0.687500
vt 0.140625 0.687500
vt 0.140625 0.640625
vt 0.156250 0.640625
vt 0.156250 0.656250
vt 0.140625 0.656250
vt 0.171875 0.640625
vt 0.187500 0.640625
vt 0.187500 0.656250
vt 0.171875 0.656250
vt 0.140625 0.734375
vt 0.156250 0.734375
vt 0.156250 0.750000
vt 0.140625 0.750000
vt 0.140625 0.703125
vt 0.156250 0.703125
vt 0.156250 0.718750
vt 0.140625 0.718750
vt 0.171875 0.703125
vt 0.187500 0.703125
vt 0.187500 0.718750
vt 0.171875 0.718750
vt 0.203125 0.546875
vt 0.218750 0.546875
vt 0.218750 0.562500
vt 0.203125 0.562500
vt 0.203125 0.515625
vt 0.218750 0.515625
vt 0.218750 0.531250
vt 0.203125 0.531250
vt 0.234375 0.515625
vt 0.250000 0.515625
vt 0.250000 0.531250
vt 0.234375 0.531250
vt 0.140625 0.546875
vt 0.156250 0.546875
vt 0.156250 0.562500
vt 0.140625 0.562500
vt 0.140625 0.515625
vt 0.156250 0.515625
vt 0.156250 0.531250
vt 0.140625 0.531250
vt 0.171875 0.515625
vt 0.187500 0.515625
vt 0.187500 0.531250
vt 0.171875 0.531250
vt 0.140625 0.609375
vt 0.156250 0.609375
vt 0.156250 0.625000
vt 0.140625 0.625000
vt 0.140625 0.578125
vt 0.156250 0.578125
vt 0.156250 0.593750
vt 0.140625 0.593750
vt 0.171875 0.578125
vt 0.187500 0.578125
vt 0.187500 0.593750
vt 0.171875 0.593750
vt 0.328125 0.546875
vt 0.343750 0.546875
vt 0.343750 0.562500
vt 0.328125 0.562500
vt 0.328125 0.515625
vt 0.343750 0.515625
vt 0.343750 0.531250
vt 0.328125 0.531250
vt 0.359375 0.515625
vt 0.375000 0.515625
vt 0.375000 0.531250
vt 0.359375 0.531250
vt 0.265625 0.546875
vt 0.281250 0.546875
vt 0.281250 0.562500
vt 0.265625 0.562500
vt 0.265625 0.515625
vt 0.281250 0.515625
vt 0.281250 0.531250
vt 0.265625 0.531250
vt 0.296875 0.515625
vt 0.312500 0.515625
vt 0.312500 0.531250
vt 0.296875 0.531250
vt 0.265625 0.609375
vt 0.281250 0.609375
vt 0.281250 0.625000
vt 0.265625 0.625000
vt 0.265625 0.578125
vt 0.281250 0.578125
vt 0.281250 0.593750
vt 0.265625 0.593750
vt 0.296875 0.578125
vt 0.312500 0.578125
vt 0.312500 0.593750
vt 0.296875 0.593750
vt 0.453125 0.921875
vt 0.468750 0.921875
vt 0.468750 0.937500
vt 0.453125 0.937500
vt 0.453125 0.890625
vt 0.468750 0.890625
vt 0.468750 0.906250
vt 0.453125 0.906250
vt 0.484375 0.890625
vt 0.500000 0.890625
vt 0.500000 0.906250
vt 0.484375 0.906250
vt 0.390625 0.921875
vt 0.406250 0.921875
vt 0.406250 0.937500
vt 0.390625 0.937500
vt 0.390625 0.890625
vt 0.406250 0.890625
vt 0.406250 0.906250
vt 0.390625 0.906250
vt 0.421875 0.890625
vt 0.437500 0.890625
vt 0.437500 0.906250
vt 0.421875 0.906250
vt 0.390625 0.984375
vt 0.406250 0.984375
vt 0.406250 1.000000
vt 0.390625 1.000000
vt 0.390625 0.953125
vt 0.406250 0.953125
vt 0.406250 0.968750
vt 0.390625 0.968750
vt 0.421875 0.953125
vt 0.437500 0.953125
vt 0.437500 0.968750
vt 0.421875 0.968750
vt 0.453125 0.796875
vt 0.468750 0.796875
vt 0.468750 0.812500
vt 0.453125 0.812500
vt 0.453125 0.765625
vt 0.468750 0.765625
vt 0.468750 0.781250
vt 0.453125 0.781250
vt 0.484375 0.765625
vt 0.500000 0.765625
vt 0.500000 0.781250
vt 0.484375 0.781250
vt 0.390625 0.796875
vt 0.406250 0.796875
vt 0.406250 0.812500
vt 0.390625 0.812500
vt 0.390625 0.765625
vt 0.406250 0.765625
vt 0.406250 0.781250
vt 0.390625 0.781250
vt 0.421875 0.765625
vt 0.437500 0.765625
vt 0.437500 0.781250
vt 0.421875 0.781250
vt 0.390625 0.859375
vt 0.406250 0.859375
vt 0.406250 0.875000
vt 0.390625 0.875000
vt 0.390625 0.828125
vt 0.406250 0.828125
vt 0.406250 0.843750
vt 0.390625 0.843750
vt 0.421875 0.828125
vt 0.437500 0.828125
vt 0.437500 0.843750
vt 0.421875 0.843750
vt 0.578125 0.796875
vt 0.593750 0.796875
vt 0.593750 0.812500
vt 0.578125 0.812500
vt 0.578125 0.765625
vt 0.593750 0.765625
vt 0.593750 0.781250
vt 0.578125 0.781250
vt 0.609375 0.765625
vt 0.625000 0.765625
vt 0.625000 0.781250
vt 0.609375 0.781250
vt 0.515625 0.796875
vt 0.531250 0.796875
vt 0.531250 0.812500
vt 0.515625 0.812500
vt 0.515625 0.765625
vt 0.531250 0.765625
vt 0.531250 0.781250
vt 0.515625 0.781250
vt 0.546875 0.765625
vt 0.562500 0.765625
vt 0.562500 0.781250
vt 0.546875 0.781250
vt 0.515625 0.859375
vt 0.531250 0.859375
vt 0.531250 0.875000
vt 0.515625 0.875000
vt 0.515625 0.828125
vt 0.531250 0.828125
vt 0.531250 0.843750
vt 0.515625 0.843750
vt 0.546875 0.828125
vt 0.562500 0.828125
vt 0.562500 0.843750
vt 0.546875 0.843750
vt 0.453125 0.671875
vt 0.468750 0.671875
vt 0.468750 0.687500
vt 0.453125 0.687500
vt 0.453125 0.640625
vt 0.468750 0.640625
vt 0.468750 0.656250
vt 0.453125 0.656250
vt 0.484375 0.640625
vt 0.500000 0.640625
vt 0.500000 0.656250
vt 0.484375 0.656250
vt 0.390625 0.671875
vt 0.406250 0.671875
vt 0.406250 0.687500
vt 0.390625 0.687500
vt 0.390625 0.640625
vt 0.406250 0.640625
vt 0.406250 0.656250
vt 0.390625 0.656250
vt 0.421875 0.640625
vt 0.437500 0.640625
vt 0.437500 0.656250
vt 0.421875 0.656250
vt 0.390625 0.734375
vt 0.406250 0.734375
vt 0.406250 0.750000
vt 0.390625 0.750000
vt 0.390625 0.703125
vt 0.406250 0.703125
vt 0.406250 0.718750
vt 0.390625 0.718750
vt 0.421875 0.703125
vt 0.437500 0.703125
vt 0.437500 0.718750
vt 0.421875 0.718750
vt 0.453125 0.546875
vt 0.468750 0.546875
vt 0.468750 0.562500
vt 0.453125 0.562500
vt 0.453125 0.515625
vt 0.468750 0.515625
vt 0.468750 0.531250
vt 0.453125 0.531250
vt 0.484375 0.515625
vt 0.500000 0.515625
vt 0.500000 0.531250
vt 0.484375 0.531250
vt 0.390625 0.546875
vt 0.406250 0.546875
vt 0.406250 0.562500
vt 0.390625 0.562500
vt 0.390625 0.515625
vt 0.406250 0.515625
vt 0.406250 0.531250
vt 0.390625 0.531250
vt 0.421875 0.515625
vt 0.437500 0.515625
vt 0.437500 0.531250
vt 0.421875 0.531250
vt 0.390625 0.609375
vt 0.406250 0.609375
vt 0.406250 0.625000
vt 0.390625 0.625000
vt 0.390625 0.578125
vt 0.406250 0.578125
vt 0.406250 0.593750
vt 0.390625 0.593750
vt 0.421875 0.578125
vt 0.437500 0.578125
vt 0.437500 0.593750
vt 0.421875 0.593750
vt 0.578125 0.546875
vt 0.593750 0.546875
vt 0.593750 0.562500
vt 0.578125 0.562500
vt 0.578125 0.515625
vt 0.593750 0.515625
vt 0.593750 0.531250
vt 0.578125 0.531250
vt 0.609375 0.515625
vt 0.625000 0.515625
vt 0.625000 0.531250
vt 0.609375 0.531250
vt 0.515625 0.546875
vt 0.531250 0.546875
vt 0.531250 0.562500
vt 0.515625 0.562500
vt 0.515625 0.515625
vt 0.531250 0.515625
vt 0.531250 0.531250
vt 0.515625 0.531250
vt 0.546875 0.515625
vt 0.562500 0.515625
vt 0.562500 0.531250
vt 0.546875 0.531250
vt 0.515625 0.609375
vt 0.531250 0.609375
vt 0.531250 0.625000
vt 0.515625 0.625000
vt 0.515625 0.578125
vt 0.531250 0.578125
vt 0.531250 0.593750
vt 0.515625 0.593750
vt 0.546875 0.578125
vt 0.562500 0.578125
vt 0.562500 0.593750
vt 0.546875 0.593750
vt 0.453125 0.421875
vt 0.468750 0.421875
vt 0.468750 0.437500
vt 0.453125 0.437500
vt 0.453125 0.390625
vt 0.468750 0.390625
vt 0.468750 0.406250
vt 0.453125 0.406250
vt 0.484375 0.390625
vt 0.500000 0.390625
vt 0.500000 0.406250
vt 0.484375 0.406250
vt 0.390625 0.421875
vt 0.406250 0.421875
vt 0.406250 0.437500
vt 0.390625 0.437500
vt 0.390625 0.390625
vt 0.406250 0.390625
vt 0.406250 0.406250
vt 0.390625 0.406250
vt 0.421875 0.390625
vt 0.437500 0.390625
vt 0.437500 0.406250
vt 0.421875 0.406250
vt 0.390625 0.484375
vt 0.406250 0.484375
vt 0.406250 0.500000
vt 0.390625 0.500000
vt 0.390625 0.453125
vt 0.406250 0.453125
vt 0.406250 0.468750
vt 0.390625 0.468750
vt 0.421875 0.453125
vt 0.437500 0.453125
vt 0.437500 0.468750
vt 0.421875 0.468750
vt 0.453125 0.296875
vt 0.468750 0.296875
vt 0.468750 0.312500
vt 0.453125 0.312500
vt 0.453125 0.265625
vt 0.468750 0.265625
vt 0.468750 0.281250
vt 0.453125 0.281250
vt 0.484375 0.265625
vt 0.500000 0.265625
vt 0.500000 0.281250
vt 0.484375 0.281250
vt 0.390625 0.296875
vt 0.406250 0.296875
vt 0.406250 0.312500
vt 0.390625 0.312500
vt 0.390625 0.265625
vt 0.406250 0.265625
vt 0.406250 0.281250
vt 0.390625 0.281250
vt 0.421875 0.265625
vt 0.437500 0.265625
vt 0.437500 0.281250
vt 0.421875 0.281250
vt 0.390625 0.359375
vt 0.406250 0.359375
vt 0.406250 0.375000
vt 0.390625 0.375000
vt 0.390625 0.328125
vt 0.406250 0.328125
vt 0.406250 0.343750
vt 0.390625 0.343750
vt 0.421875 0.328125
vt 0.437500 0.328125
vt 0.437500 0.343750
vt 0.421875 0.343750
vt 0.578125 0.296875
vt 0.593750 0.296875
vt 0.593750 0.312500
vt 0.578125 0.312500
vt 0.578125 0.265625
vt 0.593750 0.265625
vt 0.593750 0.281250
vt 0.578125 0.281250
vt 0.609375 0.265625
vt 0.625000 0.265625
vt 0.625000 0.281250
vt 0.609375 0.281250
vt 0.515625 0.296875
vt 0.531250 0.296875
vt 0.531250 0.312500
vt 0.515625 0.312500
vt 0.515625 0.265625
vt 0.531250 0.265625
vt 0.531250 0.281250
vt 0.515625 0.281250
vt 0.546875 0.265625
vt 0.562500 0.265625
vt 0.562500 0.281250
vt 0.546875 0.281250
vt 0.515625 0.359375
vt 0.531250 0.359375
vt 0.531250 0.375000
vt 0.515625 0.375000
vt 0.515625 0.328125
vt 0.531250 0.328125
vt 0.531250 0.343750
vt 0.515625 0.343750
vt 0.546875 0.328125
vt 0.562500 0.328125
vt 0.562500 0.343750
vt 0.546875 0.343750
vt 0.453125 0.171875
vt 0.468750 0.171875
vt 0.468750 0.187500
vt 0.453125 0.187500
vt 0.453125 0.140625
vt 0.468750 0.140625
vt 0.468750 0.156250
vt 0.453125 0.156250
vt 0.484375 0.140625
vt 0.500000 0.140625
vt 0.500000 0.156250
vt 0.484375 0.156250
vt 0.390625 0.171875
vt 0.406250 0.171875
vt 0.406250 0.187500
vt 0.390625 0.187500
vt 0.390625 0.140625
vt 0.406250 0.140625
vt 0.406250 0.156250
vt 0.390625 0.156250
vt 0.421875 0.140625
vt 0.437500 0.140625
vt 0.437500 0.156250
vt 0.421875 0.156250
vt 0.390625 0.234375
vt 0.406250 0.234375
vt 0.406250 0.250000
vt 0.390625 0.250000
vt 0.390625 0.203125
vt 0.406250 0.203125
vt 0.406250 0.218750
vt 0.390625 0.218750
vt 0.421875 0.203125
vt 0.437500 0.203125
vt 0.437500 0.218750
vt 0.421875 0.218750
vt 0.453125 0.046875
vt 0.468750 0.046875
vt 0.468750 0.062500
vt 0.453125 0.062500
vt 0.453125 0.015625
vt 0.468750 0.015625
vt 0.468750 0.031250
vt 0.453125 0.031250
vt 0.484375 0.015625
vt 0.500000 0.015625
vt 0.500000 0.031250
vt 0.484375 0.031250
vt 0.390625 0.046875
vt 0.406250 0.046875
vt 0.406250 0.062500
vt 0.390625 0.062500
vt 0.390625 0.015625
vt 0.406250 0.015625
vt 0.406250 0.031250
vt 0.390625 0.031250
vt 0.421875 0.015625
vt 0.437500 0.015625
vt 0.437500 0.031250
vt 0.421875 0.031250
vt 0.390625 0.109375
vt 0.406250 0.109375
vt 0.406250 0.125000
vt 0.390625 0.125000
vt 0.390625 0.078125
vt 0.406250 0.078125
vt 0.406250 0.093750
vt 0.390625 0.093750
vt 0.421875 0.078125
vt 0.437500 0.078125
vt 0.437500 0.093750
vt 0.421875 0.093750
vt 0.578125 0.046875
vt 0.593750 0.046875
vt 0.593750 0.062500
vt 0.578125 0.062500
vt 0.578125 0.015625
vt 0.593750 0.015625
vt 0.593750 0.031250
vt 0.578125 0.031250
vt 0.609375 0.015625
vt 0.625000 0.015625
vt 0.625000 0.031250
vt 0.609375 0.031250
vt 0.515625 0.046875
vt 0.531250 0.046875
vt 0.531250 0.062500
vt 0.515625 0.062500
vt 0.515625 0.015625
vt 0.531250 0.015625
vt 0.531250 0.031250
vt 0.515625 0.031250
vt 0.546875 0.015625
vt 0.562500 0.015625
vt 0.562500 0.031250
vt 0.546875 0.031250
vt 0.515625 0.109375
vt 0.531250 0.109375
vt 0.531250 0.125000
vt 0.515625 0.125000
vt 0.515625 0.078125
vt 0.531250 0.078125
vt 0.531250 0.093750
vt 0.515625 0.093750
vt 0.546875 0.078125
vt 0.562500 0.078125
vt 0.562500 0.093750
vt 0.546875 0.093750
vt 0.578125 0.109375
vt 0.593750 0.109375
vt 0.593750 0.125000
vt 0.578125 0.125000
vt 0.578125 0.078125
vt 0.593750 0.078125
vt 0.593750 0.093750
vt 0.578125 0.093750
vt 0.609375 0.078125
vt 0.625000 0.078125
vt 0.625000 0.093750
vt 0.609375 0.093750
vt 0.453125 0.109375
vt 0.468750 0.109375
vt 0.468750 0.125000
vt 0.453125 0.125000
vt 0.453125 0.078125
vt 0.468750 0.078125
vt 0.468750 0.093750
vt 0.453125 0.093750
vt 0.484375 0.078125
vt 0.500000 0.078125
vt 0.500000 0.093750
vt 0.484375 0.093750
vt 0.453125 0.234375
vt 0.468750 0.234375
vt 0.468750 0.250000
vt 0.453125 0.250000
vt 0.453125 0.203125
vt 0.468750 0.203125
vt 0.468750 0.218750
vt 0.453125 0.218750
vt 0.484375 0.203125
vt 0.500000 0.203125
vt 0.500000 0.218750
vt 0.484375 0.218750
vt 0.578125 0.359375
vt 0.593750 0.359375
vt 0.593750 0.375000
vt 0.578125 0.375000
vt 0.578125 0.328125
vt 0.593750 0.328125
vt 0.593750 0.343750
vt 0.578125 0.343750
vt 0.609375 0.328125
vt 0.625000 0.328125
vt 0.625000 0.343750
vt 0.609375 0.343750
vt 0.453125 0.359375
vt 0.468750 0.359375
vt 0.468750 0.375000
vt 0.453125 0.375000
vt 0.453125 0.328125
vt 0.468750 0.328125
vt 0.468750 0.343750
vt 0.453125 0.343750
vt 0.484375 0.328125
vt 0.500000 0.328125
vt 0.500000 0.343750
vt 0.484375 0.343750
vt 0.453125 0.484375
vt 0.468750 0.484375
vt 0.468750 0.500000
vt 0.453125 0.500000
vt 0.453125 0.453125
vt 0.468750 0.453125
vt 0.468750 0.468750
vt 0.453125 0.468750
vt 0.484375 0.453125
vt 0.500000 0.453125
vt 0.500000 0.468750
vt 0.484375 0.468750
vt 0.578125 0.609375
vt 0.593750 0.609375
vt 0.593750 0.625000
vt 0.578125 0.625000
vt 0.578125 0.578125
vt 0.593750 0.578125
vt 0.593750 0.593750
vt 0.578125 0.593750
vt 0.609375 0.578125
vt 0.625000 0.578125
vt 0.625000 0.593750
vt 0.609375 0.593750
vt 0.453125 0.609375
vt 0.468750 0.609375
vt 0.468750 0.625000
vt 0.453125 0.625000
vt 0.453125 0.578125
vt 0.468750 0.578125
vt 0.468750 0.593750
vt 0.453125 0.593750
vt 0.484375 0.578125
vt 0.500000 0.578125
vt 0.500000 0.593750
vt 0.484375 0.593750
vt 0.453125 0.734375
vt 0.468750 0.734375
vt 0.468750 0.750000
vt 0.453125 0.750000
vt 0.453125 0.703125
vt 0.468750 0.703125
vt 0.468750 0.718750
vt 0.453125 0.718750
vt 0.484375 0.703125
vt 0.500000 0.703125
vt 0.500000 0.718750
vt 0.484375 0.718750
vt 0.578125 0.859375
vt 0.593750 0.859375
vt 0.593750 0.875000
vt 0.578125 0.875000
vt 0.578125 0.828125
vt 0.593750 0.828125
vt 0.593750 0.843750
vt 0.578125 0.843750
vt 0.609375 0.828125
vt 0.625000 0.828125
vt 0.625000 0.843750
vt 0.609375 0.843750
vt 0.453125 0.859375
vt 0.468750 0.859375
vt 0.468750 0.875000
vt 0.453125 0.875000
vt 0.453125 0.828125
vt 0.468750 0.828125
vt 0.468750 0.843750
vt 0.453125 0.843750
vt 0.484375 0.828125
vt 0.500000 0.828125
vt 0.500000 0.843750
vt 0.484375 0.843750
vt 0.453125 0.984375
vt 0.468750 0.984375
vt 0.468750 1.000000
vt 0.453125 1.000000
vt 0.453125 0.953125
vt 0.468750 0.953125
vt 0.468750 0.968750
vt 0.453125 0.968750
vt 0.484375 0.953125
vt 0.500000 0.953125
vt 0.500000 0.968750
vt 0.484375 0.968750
vt 0.328125 0.609375
vt 0.343750 0.609375
vt 0.343750 0.625000
vt 0.328125 0.625000
vt 0.328125 0.578125
vt 0.343750 0.578125
vt 0.343750 0.593750
vt 0.328125 0.593750
vt 0.359375 0.578125
vt 0.375000 0.578125
vt 0.375000 0.593750
vt 0.359375 0.593750
vt 0.203125 0.609375
vt 0.218750 0.609375
vt 0.218750 0.625000
vt 0.203125 0.625000
vt 0.203125 0.578125
vt 0.218750 0.578125
vt 0.218750 0.593750
vt 0.203125 0.593750
vt 0.234375 0.578125
vt 0.250000 0.578125
vt 0.250000 0.593750
vt 0.234375 0.593750
vt 0.203125 0.734375
vt 0.218750 0.734375
vt 0.218750 0.750000
vt 0.203125 0.750000
vt 0.203125 0.703125
vt 0.218750 0.703125
vt 0.218750 0.718750
vt 0.203125 0.718750
vt 0.234375 0.703125
vt 0.250000 0.703125
vt 0.250000 0.718750
vt 0.234375 0.718750
vt 0.828125 0.609375
vt 0.843750 0.609375
vt 0.843750 0.625000
vt 0.828125 0.625000
vt 0.828125 0.578125
vt 0.843750 0.578125
vt 0.843750 0.593750
vt 0.828125 0.593750
vt 0.859375 0.578125
vt 0.875000 0.578125
vt 0.875000 0.593750
vt 0.859375 0.593750
vt 0.703125 0.609375
vt 0.718750 0.609375
vt 0.718750 0.625000
vt 0.703125 0.625000
vt 0.703125 0.578125
vt 0.718750 0.578125
vt 0.718750 0.593750
vt 0.703125 0.593750
vt 0.734375 0.578125
vt 0.750000 0.578125
vt 0.750000 0.593750
vt 0.734375 0.593750
vt 0.703125 0.734375
vt 0.718750 0.734375
vt 0.718750 0.750000
vt 0.703125 0.750000
vt 0.703125 0.703125
vt 0.718750 0.703125
vt 0.718750 0.718750
vt 0.703125 0.718750
vt 0.734375 0.703125
vt 0.750000 0.703125
vt 0.750000 0.718750
vt 0.734375 0.718750
vt 0.828125 0.734375
vt 0.843750 0.734375
vt 0.843750 0.750000
vt 0.828125 0.750000
vt 0.828125 0.703125
vt 0.843750 0.703125
vt 0.843750 0.718750
vt 0.828125 0.718750
vt 0.859375 0.703125
vt 0.875000 0.703125
vt 0.875000 0.718750
vt 0.859375 0.718750
vt 0.328125 0.734375
vt 0.343750 0.734375
vt 0.343750 0.750000
vt 0.328125 0.750000
vt 0.328125 0.703125
vt 0.343750 0.703125
vt 0.343750 0.718750
vt 0.328125 0.718750
vt 0.359375 0.703125
vt 0.375000 0.703125
vt 0.375000 0.718750
vt 0.359375 0.718750
vt 0.578125 0.984375
vt 0.593750 0.984375
vt 0.593750 1.000000
vt 0.578125 1.000000
vt 0.578125 0.953125
vt 0.593750 0.953125
vt 0.593750 0.968750
vt 0.578125 0.968750
vt 0.609375 0.953125
vt 0.625000 0.953125
vt 0.625000 0.968750
vt 0.609375 0.968750
vt 0.578125 0.734375
vt 0.593750 0.734375
vt 0.593750 0.750000
vt 0.578125 0.750000
vt 0.578125 0.703125
vt 0.593750 0.703125
vt 0.593750 0.718750
vt 0.578125 0.718750
vt 0.609375 0.703125
vt 0.625000 0.703125
vt 0.625000 0.718750
vt 0.609375 0.718750
vt 0.578125 0.484375
vt 0.593750 0.484375
vt 0.593750 0.500000
vt 0.578125 0.500000
vt 0.578125 0.453125
vt 0.593750 0.453125
vt 0.593750 0.468750
vt 0.578125 0.468750
vt 0.609375 0.453125
vt 0.625000 0.453125
vt 0.625000 0.468750
vt 0.609375 0.468750
vt 0.578125 0.234375
vt 0.593750 0.234375
vt 0.593750 0.250000
vt 0.578125 0.250000
vt 0.578125 0.203125
vt 0.593750 0.203125
vt 0.593750 0.218750
vt 0.578125 0.218750
vt 0.609375 0.203125
vt 0.625000 0.203125
vt 0.625000 0.218750
vt 0.609375 0.218750
vt 0.531250 0.000000
vt 0.546875 0.000000
vt 0.562500 0.000000
vt 0.500000 0.000000
vt 0.515625 0.000000
vt 0.593750 0.000000
vt 0.609375 0.000000
vt 0.625000 0.000000
vt 0.578125 0.000000
vt 0.375000 0.078125
vt 0.375000 0.093750
vt 0.375000 0.062500
vt 0.375000 0.109375
vt 0.375000 0.125000
vt 0.406250 0.000000
vt 0.421875 0.000000
vt 0.437500 0.000000
vt 0.375000 0.015625
vt 0.375000 0.031250
vt 0.375000 0.000000
vt 0.390625 0.000000
vt 0.375000 0.046875
vt 0.468750 0.000000
vt 0.484375 0.000000
vt 0.453125 0.000000
vt 0.375000 0.203125
vt 0.375000 0.218750
vt 0.375000 0.187500
vt 0.375000 0.234375
vt 0.375000 0.250000
vt 0.375000 0.140625
vt 0.375000 0.156250
vt 0.375000 0.171875
vt 0.375000 0.328125
vt 0.375000 0.343750
vt 0.375000 0.312500
vt 0.375000 0.359375
vt 0.375000 0.375000
vt 0.375000 0.265625
vt 0.375000 0.281250
vt 0.375000 0.296875
vt 0.375000 0.453125
vt 0.375000 0.468750
vt 0.375000 0.437500
vt 0.375000 0.484375
vt 0.375000 0.500000
vt 0.375000 0.390625
vt 0.375000 0.406250
vt 0.375000 0.421875
vt 0.375000 0.828125
vt 0.375000 0.843750
vt 0.375000 0.812500
vt 0.375000 0.859375
vt 0.375000 0.875000
vt 0.375000 0.765625
vt 0.375000 0.781250
vt 0.375000 0.796875
vt 0.375000 0.953125
vt 0.375000 0.968750
vt 0.375000 0.937500
vt 0.375000 0.984375
vt 0.375000 1.000000
vt 0.375000 0.890625
vt 0.375000 0.906250
vt 0.375000 0.921875
vt 0.281250 0.500000
vt 0.296875 0.500000
vt 0.312500 0.500000
vt 0.250000 0.500000
vt 0.265625 0.500000
vt 0.343750 0.500000
vt 0.359375 0.500000
vt 0.328125 0.500000
vt 0.125000 0.578125
vt 0.125000 0.593750
vt 0.125000 0.562500
vt 0.125000 0.609375
vt 0.125000 0.625000
vt 0.156250 0.500000
vt 0.171875 0.500000
vt 0.187500 0.500000
vt 0.125000 0.515625
vt 0.125000 0.531250
vt 0.125000 0.500000
vt 0.140625 0.500000
vt 0.125000 0.546875
vt 0.218750 0.500000
vt 0.234375 0.500000
vt 0.203125 0.500000
vt 0.125000 0.703125
vt 0.125000 0.718750
vt 0.125000 0.687500
vt 0.125000 0.734375
vt 0.125000 0.750000
vt 0.125000 0.640625
vt 0.125000 0.656250
vt 0.125000 0.671875
vt 0.781250 0.500000
vt 0.796875 0.500000
vt 0.812500 0.500000
vt 0.750000 0.500000
vt 0.765625 0.500000
vt 0.843750 0.500000
vt 0.859375 0.500000
vt 0.875000 0.500000
vt 0.828125 0.500000
vt 0.656250 0.500000
vt 0.671875 0.500000
vt 0.687500 0.500000
vt 0.640625 0.500000
vt 0.718750 0.500000
vt 0.734375 0.500000
vt 0.703125 0.500000
s 0
usemtl マテリアル.004
f 1538/1/1 389/2/1 4/3/1 642/4/1
f 1537/5/2 392/6/2 8/7/2 645/8/2
f 1536/9/3 395/10/3 6/11/3 648/12/3
f 1535/13/4 398/14/4 2/15/4 388/16/4
f 1534/17/5 646/18/5 5/19/5 397/20/5
f 1533/21/6 641/22/6 2/23/6 398/24/6
f 1532/25/7 411/26/7 20/27/7 410/28/7
f 1531/29/7 412/30/7 21/31/7 653/32/7
f 1530/33/8 629/34/8 11/35/8 654/36/8
f 1529/37/9 415/38/9 19/39/9 409/40/9
f 1528/41/10 416/42/10 22/43/10 657/44/10
f 1527/45/11 634/46/11 16/47/11 658/48/11
f 1526/49/12 419/50/12 10/51/12 400/52/12
f 1525/53/13 420/54/13 23/55/13 661/56/13
f 1524/57/14 410/58/14 20/59/14 662/60/14
f 1523/61/15 423/62/15 18/63/15 636/64/15
f 1522/65/16 424/66/16 24/67/16 665/68/16
f 1521/69/3 407/70/3 17/71/3 666/72/3
f 1520/73/17 427/74/17 15/75/17 633/76/17
f 1519/77/18 428/78/18 25/79/18 669/80/18
f 1518/81/2 404/82/2 14/83/2 670/84/2
f 1517/85/19 431/86/19 12/87/19 630/88/19
f 1516/89/20 432/90/20 26/91/20 673/92/20
f 1515/93/21 401/94/21 11/95/21 674/96/21
f 1514/97/22 483/98/22 74/99/22 626/100/22
f 1513/101/23 484/102/23 75/103/23 677/104/23
f 1512/105/24 449/106/24 41/107/24 678/108/24
f 1511/109/25 487/110/25 73/111/25 625/112/25
f 1510/113/26 488/114/26 76/115/26 681/116/26
f 1509/117/27 480/118/27 72/119/27 682/120/27
f 1508/121/28 491/122/28 30/123/28 582/124/28
f 1507/125/29 492/126/29 77/127/29 685/128/29
f 1506/129/30 479/130/30 71/131/30 686/132/30
f 1505/133/31 495/134/31 70/135/31 622/136/31
f 1504/137/32 496/138/32 78/139/32 689/140/32
f 1503/141/2 452/142/2 44/143/2 690/144/2
f 1502/145/33 499/146/33 69/147/33 621/148/33
f 1501/149/34 500/150/34 79/151/34 693/152/34
f 1500/153/35 476/154/35 68/155/35 694/156/35
f 1499/157/36 503/158/36 33/159/36 585/160/36
f 1498/161/37 504/162/37 80/163/37 697/164/37
f 1497/165/38 475/166/38 67/167/38 698/168/38
f 1496/169/39 507/170/39 66/171/39 618/172/39
f 1495/173/40 508/174/40 81/175/40 701/176/40
f 1494/177/3 455/178/3 47/179/3 702/180/3
f 1493/181/41 511/182/41 65/183/41 617/184/41
f 1492/185/42 512/186/42 82/187/42 705/188/42
f 1491/189/43 472/190/43 64/191/43 706/192/43
f 1490/193/44 515/194/44 36/195/44 588/196/44
f 1489/197/45 516/198/45 83/199/45 709/200/45
f 1488/201/46 471/202/46 63/203/46 710/204/46
f 1487/205/47 519/206/47 62/207/47 614/208/47
f 1486/209/48 520/210/48 84/211/48 713/212/48
f 1485/213/14 458/214/14 50/215/14 714/216/14
f 1484/217/49 523/218/49 61/219/49 613/220/49
f 1483/221/50 524/222/50 85/223/50 717/224/50
f 1482/225/51 468/226/51 60/227/51 718/228/51
f 1481/229/52 527/230/52 40/231/52 448/232/52
f 1480/233/53 528/234/53 86/235/53 721/236/53
f 1479/237/54 467/238/54 59/239/54 722/240/54
f 1478/241/55 531/242/55 58/243/55 610/244/55
f 1477/245/56 532/246/56 87/247/56 725/248/56
f 1476/249/57 586/250/57 34/251/57 726/252/57
f 1475/253/58 535/254/58 57/255/58 609/256/58
f 1474/257/59 536/258/59 88/259/59 729/260/59
f 1473/261/60 464/262/60 56/263/60 730/264/60
f 1472/265/61 539/266/61 49/267/61 457/268/61
f 1471/269/62 540/270/62 89/271/62 733/272/62
f 1470/273/63 463/274/63 55/275/63 734/276/63
f 1469/277/7 543/278/7 54/279/7 606/280/7
f 1468/281/7 544/282/7 90/283/7 737/284/7
f 1467/285/64 581/286/64 29/287/64 738/288/64
f 1466/289/7 547/290/7 53/291/7 605/292/7
f 1465/293/7 548/294/7 91/295/7 741/296/7
f 1464/297/7 460/298/7 52/299/7 742/300/7
f 1463/301/7 551/302/7 50/303/7 458/304/7
f 1462/305/7 552/306/7 92/307/7 745/308/7
f 1461/309/7 459/310/7 51/311/7 746/312/7
f 1460/313/7 555/314/7 38/315/7 446/316/7
f 1459/317/7 556/318/7 93/319/7 749/320/7
f 1458/321/65 593/322/65 41/323/65 750/324/65
f 1457/325/66 559/326/66 37/327/66 445/328/66
f 1456/329/67 560/330/67 94/331/67 753/332/67
f 1455/333/68 598/334/68 46/335/68 754/336/68
f 1454/337/69 563/338/69 28/339/69 436/340/69
f 1453/341/70 564/342/70 95/343/70 757/344/70
f 1452/345/14 446/346/14 38/347/14 758/348/14
f 1451/349/71 567/350/71 48/351/71 600/352/71
f 1450/353/72 568/354/72 96/355/72 761/356/72
f 1449/357/3 443/358/3 35/359/3 762/360/3
f 1448/361/73 571/362/73 45/363/73 597/364/73
f 1447/365/74 572/366/74 97/367/74 765/368/74
f 1446/369/2 440/370/2 32/371/2 766/372/2
f 1445/373/75 575/374/75 42/375/75 594/376/75
f 1444/377/76 576/378/76 98/379/76 769/380/76
f 1443/381/77 437/382/77 29/383/77 770/384/77
f 1442/385/78 771/386/78 290/387/78 578/388/78
f 1441/389/79 772/390/79 291/391/79 773/392/79
f 1440/393/21 629/394/21 149/395/21 774/396/21
f 1439/397/80 775/398/80 289/399/80 577/400/80
f 1438/401/81 776/402/81 292/403/81 777/404/81
f 1437/405/82 768/406/82 288/407/82 778/408/82
f 1436/409/83 779/410/83 114/411/83 402/412/83
f 1435/413/84 780/414/84 293/415/84 781/416/84
f 1434/417/85 767/418/85 287/419/85 782/420/85
f 1433/421/86 783/422/86 286/423/86 574/424/86
f 1432/425/87 784/426/87 294/427/87 785/428/87
f 1431/429/2 632/430/2 152/431/2 786/432/2
f 1430/433/88 787/434/88 285/435/88 573/436/88
f 1429/437/89 788/438/89 295/439/89 789/440/89
f 1428/441/90 764/442/90 284/443/90 790/444/90
f 1427/445/91 791/446/91 117/447/91 405/448/91
f 1426/449/91 792/450/91 296/451/91 793/452/91
f 1425/453/92 763/454/92 283/455/92 794/456/92
f 1424/457/93 795/458/93 282/459/93 570/460/93
f 1423/461/94 796/462/94 297/463/94 797/464/94
f 1422/465/3 635/466/3 155/467/3 798/468/3
f 1421/469/95 799/470/95 281/471/95 569/472/95
f 1420/473/96 800/474/96 298/475/96 801/476/96
f 1419/477/97 760/478/97 280/479/97 802/480/97
f 1418/481/98 803/482/98 120/483/98 408/484/98
f 1417/485/99 804/486/99 299/487/99 805/488/99
f 1416/489/100 759/490/100 279/491/100 806/492/100
f 1415/493/101 807/494/101 278/495/101 566/496/101
f 1414/497/102 808/498/102 300/499/102 809/500/102
f 1413/501/14 638/502/14 158/503/14 810/504/14
f 1412/505/103 811/506/103 277/507/103 565/508/103
f 1411/509/104 812/510/104 301/511/104 813/512/104
f 1410/513/105 756/514/105 276/515/105 814/516/105
f 1409/517/106 815/518/106 148/519/106 628/520/106
f 1408/521/107 816/522/107 302/523/107 817/524/107
f 1407/525/108 755/526/108 275/527/108 818/528/108
f 1406/529/109 819/530/109 274/531/109 562/532/109
f 1405/533/110 820/534/110 303/535/110 821/536/110
f 1404/537/111 406/538/111 118/539/111 822/540/111
f 1403/541/112 823/542/112 273/543/112 561/544/112
f 1402/545/113 824/546/113 304/547/113 825/548/113
f 1401/549/114 752/550/114 272/551/114 826/552/114
f 1400/553/115 827/554/115 157/555/115 637/556/115
f 1399/557/116 828/558/116 305/559/116 829/560/116
f 1398/561/117 751/562/117 271/563/117 830/564/117
f 1397/565/7 831/566/7 270/567/7 558/568/7
f 1396/569/7 832/570/7 306/571/7 833/572/7
f 1395/573/118 401/574/118 113/575/118 834/576/118
f 1394/577/7 835/578/7 269/579/7 557/580/7
f 1393/581/7 836/582/7 307/583/7 837/584/7
f 1392/585/7 748/586/7 268/587/7 838/588/7
f 1391/589/7 839/590/7 158/591/7 638/592/7
f 1390/593/7 840/594/7 308/595/7 841/596/7
f 1389/597/7 747/598/7 267/599/7 842/600/7
f 1388/601/7 843/602/7 266/603/7 554/604/7
f 1387/605/7 844/606/7 309/607/7 845/608/7
f 1386/609/7 651/610/7 171/611/7 846/612/7
f 1385/613/7 847/614/7 265/615/7 553/616/7
f 1384/617/7 848/618/7 310/619/7 849/620/7
f 1383/621/7 744/622/7 264/623/7 850/624/7
f 1382/625/7 851/626/7 170/627/7 650/628/7
f 1381/629/7 852/630/7 311/631/7 853/632/7
f 1380/633/7 743/634/7 263/635/7 854/636/7
f 1379/637/7 855/638/7 262/639/7 550/640/7
f 1378/641/7 856/642/7 312/643/7 857/644/7
f 1377/645/7 652/646/7 172/647/7 858/648/7
f 1376/649/7 859/650/7 261/651/7 549/652/7
f 1375/653/7 860/654/7 313/655/7 861/656/7
f 1374/657/7 740/658/7 260/659/7 862/660/7
f 1373/661/7 863/662/7 125/663/7 413/664/7
f 1372/665/7 864/666/7 314/667/7 865/668/7
f 1371/669/7 739/670/7 259/671/7 866/672/7
f 1370/673/7 867/674/7 258/675/7 546/676/7
f 1369/677/7 868/678/7 315/679/7 869/680/7
f 1368/681/119 389/682/119 101/683/119 870/684/119
f 1367/685/7 871/686/7 257/687/7 545/688/7
f 1366/689/7 872/690/7 316/691/7 873/692/7
f 1365/693/7 736/694/7 256/695/7 874/696/7
f 1364/697/7 875/698/7 126/699/7 414/700/7
f 1363/701/7 876/702/7 317/703/7 877/704/7
f 1362/705/7 735/706/7 255/707/7 878/708/7
f 1361/709/120 879/710/120 254/711/120 542/712/120
f 1360/713/121 880/714/121 318/715/121 881/716/121
f 1359/717/122 655/718/122 175/719/122 882/720/122
f 1358/721/123 883/722/123 253/723/123 541/724/123
f 1357/725/124 884/726/124 319/727/124 885/728/124
f 1356/729/125 732/730/125 252/731/125 886/732/125
f 1355/733/126 887/734/126 169/735/126 649/736/126
f 1354/737/127 888/738/127 320/739/127 889/740/127
f 1353/741/128 731/742/128 251/743/128 890/744/128
f 1352/745/129 891/746/129 250/747/129 538/748/129
f 1351/749/130 892/750/130 321/751/130 893/752/130
f 1350/753/131 656/754/131 176/755/131 894/756/131
f 1349/757/132 895/758/132 249/759/132 537/760/132
f 1348/761/133 896/762/133 322/763/133 897/764/133
f 1347/765/134 728/766/134 248/767/134 898/768/134
f 1346/769/135 899/770/135 129/771/135 417/772/135
f 1345/773/136 900/774/136 323/775/136 901/776/136
f 1344/777/137 727/778/137 247/779/137 902/780/137
f 1343/781/138 903/782/138 246/783/138 534/784/138
f 1342/785/139 904/786/139 324/787/139 905/788/139
f 1341/789/140 394/790/140 106/791/140 906/792/140
f 1340/793/141 907/794/141 245/795/141 533/796/141
f 1339/797/142 908/798/142 325/799/142 909/800/142
f 1338/801/143 724/802/143 244/803/143 910/804/143
f 1337/805/144 911/806/144 130/807/144 418/808/144
f 1336/809/145 912/810/145 326/811/145 913/812/145
f 1335/813/146 723/814/146 243/815/146 914/816/146
f 1334/817/147 915/818/147 242/819/147 530/820/147
f 1333/821/148 916/822/148 327/823/148 917/824/148
f 1332/825/54 659/826/54 179/827/54 918/828/54
f 1331/829/149 919/830/149 241/831/149 529/832/149
f 1330/833/150 920/834/150 328/835/150 921/836/150
f 1329/837/151 720/838/151 240/839/151 922/840/151
f 1328/841/152 923/842/152 160/843/152 640/844/152
f 1327/845/153 924/846/153 329/847/153 925/848/153
f 1326/849/154 719/850/154 239/851/154 926/852/154
f 1325/853/155 927/854/155 238/855/155 526/856/155
f 1324/857/155 928/858/155 330/859/155 929/860/155
f 1323/861/51 660/862/51 180/863/51 930/864/51
f 1322/865/156 931/866/156 237/867/156 525/868/156
f 1321/869/157 932/870/157 331/871/157 933/872/157
f 1320/873/158 716/874/158 236/875/158 934/876/158
f 1319/877/159 935/878/159 133/879/159 421/880/159
f 1318/881/160 936/882/160 332/883/160 937/884/160
f 1317/885/50 715/886/50 235/887/50 938/888/50
f 1316/889/161 939/890/161 234/891/161 522/892/161
f 1315/893/162 940/894/162 333/895/162 941/896/162
f 1314/897/14 650/898/14 170/899/14 942/900/14
f 1313/901/163 943/902/163 233/903/163 521/904/163
f 1312/905/164 944/906/164 334/907/164 945/908/164
f 1311/909/165 712/910/165 232/911/165 946/912/165
f 1310/913/166 947/914/166 134/915/166 422/916/166
f 1309/917/167 948/918/167 335/919/167 949/920/167
f 1308/921/168 711/922/168 231/923/168 950/924/168
f 1307/925/169 951/926/169 230/927/169 518/928/169
f 1306/929/170 952/930/170 336/931/170 953/932/170
f 1305/933/171 663/934/171 183/935/171 954/936/171
f 1304/937/172 955/938/172 229/939/172 517/940/172
f 1303/941/173 956/942/173 337/943/173 957/944/173
f 1302/945/174 708/946/174 228/947/174 958/948/174
f 1301/949/175 959/950/175 108/951/175 396/952/175
f 1300/953/176 960/954/176 338/955/176 961/956/176
f 1299/957/177 707/958/177 227/959/177 962/960/177
f 1298/961/178 963/962/178 226/963/178 514/964/178
f 1297/965/179 964/966/179 339/967/179 965/968/179
f 1296/969/180 664/970/180 184/971/180 966/972/180
f 1295/973/181 967/974/181 225/975/181 513/976/181
f 1294/977/182 968/978/182 340/979/182 969/980/182
f 1293/981/183 704/982/183 224/983/183 970/984/183
f 1292/985/184 971/986/184 137/987/184 425/988/184
f 1291/989/185 972/990/185 341/991/185 973/992/185
f 1290/993/186 703/994/186 223/995/186 974/996/186
f 1289/997/187 975/998/187 222/999/187 510/1000/187
f 1288/1001/188 976/1002/188 342/1003/188 977/1004/188
f 1287/1005/3 647/1006/3 167/1007/3 978/1008/3
f 1286/1009/189 979/1010/189 221/1011/189 509/1012/189
f 1285/1013/190 980/1014/190 343/1015/190 981/1016/190
f 1284/1017/191 700/1018/191 220/1019/191 982/1020/191
f 1283/1021/192 983/1022/192 138/1023/192 426/1024/192
f 1282/1025/193 984/1026/193 344/1027/193 985/1028/193
f 1281/1029/194 699/1030/194 219/1031/194 986/1032/194
f 1280/1033/195 987/1034/195 218/1035/195 506/1036/195
f 1279/1037/195 988/1038/195 345/1039/195 989/1040/195
f 1278/1041/38 667/1042/38 187/1043/38 990/1044/38
f 1277/1045/196 991/1046/196 217/1047/196 505/1048/196
f 1276/1049/197 992/1050/197 346/1051/197 993/1052/197
f 1275/1053/198 696/1054/198 216/1055/198 994/1056/198
f 1274/1057/199 995/1058/199 105/1059/199 393/1060/199
f 1273/1061/200 996/1062/200 347/1063/200 997/1064/200
f 1272/1065/36 695/1066/36 215/1067/36 998/1068/36
f 1271/1069/201 999/1070/201 214/1071/201 502/1072/201
f 1270/1073/202 1000/1074/202 348/1075/202 1001/1076/202
f 1269/1077/203 668/1078/203 188/1079/203 1002/1080/203
f 1268/1081/204 1003/1082/204 213/1083/204 501/1084/204
f 1267/1085/205 1004/1086/205 349/1087/205 1005/1088/205
f 1266/1089/206 692/1090/206 212/1091/206 1006/1092/206
f 1265/1093/207 1007/1094/207 141/1095/207 429/1096/207
f 1264/1097/208 1008/1098/208 350/1099/208 1009/1100/208
f 1263/1101/33 691/1102/33 211/1103/33 1010/1104/33
f 1262/1105/209 1011/1106/209 210/1107/209 498/1108/209
f 1261/1109/210 1012/1110/210 351/1111/210 1013/1112/210
f 1260/1113/2 644/1114/2 164/1115/2 1014/1116/2
f 1259/1117/211 1015/1118/211 209/1119/211 497/1120/211
f 1258/1121/212 1016/1122/212 352/1123/212 1017/1124/212
f 1257/1125/213 688/1126/213 208/1127/213 1018/1128/213
f 1256/1129/214 1019/1130/214 142/1131/214 430/1132/214
f 1255/1133/215 1020/1134/215 353/1135/215 1021/1136/215
f 1254/1137/216 687/1138/216 207/1139/216 1022/1140/216
f 1253/1141/217 1023/1142/217 206/1143/217 494/1144/217
f 1252/1145/218 1024/1146/218 354/1147/218 1025/1148/218
f 1251/1149/219 671/1150/219 191/1151/219 1026/1152/219
f 1250/1153/220 1027/1154/220 205/1155/220 493/1156/220
f 1249/1157/221 1028/1158/221 355/1159/221 1029/1160/221
f 1248/1161/222 684/1162/222 204/1163/222 1030/1164/222
f 1247/1165/223 1031/1166/223 102/1167/223 390/1168/223
f 1246/1169/224 1032/1170/224 356/1171/224 1033/1172/224
f 1245/1173/225 683/1174/225 203/1175/225 1034/1176/225
f 1244/1177/226 1035/1178/226 202/1179/226 490/1180/226
f 1243/1181/227 1036/1182/227 357/1183/227 1037/1184/227
f 1242/1185/228 672/1186/228 192/1187/228 1038/1188/228
f 1241/1189/229 1039/1190/229 201/1191/229 489/1192/229
f 1240/1193/230 1040/1194/230 358/1195/230 1041/1196/230
f 1239/1197/231 680/1198/231 200/1199/231 1042/1200/231
f 1238/1201/232 1043/1202/232 145/1203/232 433/1204/232
f 1237/1205/233 1044/1206/233 359/1207/233 1045/1208/233
f 1236/1209/234 679/1210/234 199/1211/234 1046/1212/234
f 1235/1213/235 1047/1214/235 198/1215/235 486/1216/235
f 1234/1217/236 1048/1218/236 360/1219/236 1049/1220/236
f 1233/1221/237 641/1222/237 161/1223/237 1050/1224/237
f 1232/1225/238 1051/1226/238 197/1227/238 485/1228/238
f 1231/1229/239 1052/1230/239 361/1231/239 1053/1232/239
f 1230/1233/240 676/1234/240 196/1235/240 1054/1236/240
f 1229/1237/241 1055/1238/241 146/1239/241 434/1240/241
f 1228/1241/242 1056/1242/242 362/1243/242 1057/1244/242
f 1227/1245/243 675/1246/243 195/1247/243 1058/1248/243
f 1226/1249/244 1059/1250/244 194/1251/244 482/1252/244
f 1225/1253/245 1060/1254/245 363/1255/245 1061/1256/245
f 1224/1257/24 593/1258/24 113/1259/24 1062/1260/24
f 1223/1261/246 1063/1262/246 193/1263/246 481/1264/246
f 1222/1265/247 1064/1266/247 364/1267/247 1065/1268/247
f 1221/1269/248 624/1270/248 144/1271/248 1066/1272/248
f 1220/1273/249 1067/1274/249 150/1275/249 438/1276/249
f 1219/1277/250 1068/1278/250 365/1279/250 1069/1280/250
f 1218/1281/251 623/1282/251 143/1283/251 1070/1284/251
f 1217/1285/252 1071/1286/252 190/1287/252 478/1288/252
f 1216/1289/253 1072/1290/253 366/1291/253 1073/1292/253
f 1215/1293/2 596/1294/2 116/1295/2 1074/1296/2
f 1214/1297/195 1075/1298/195 189/1299/195 477/1300/195
f 1213/1301/201 1076/1302/201 367/1303/201 1077/1304/201
f 1212/1305/254 620/1306/254 140/1307/254 1078/1308/254
f 1211/1309/255 1079/1310/255 153/1311/255 441/1312/255
f 1210/1313/195 1080/1314/195 368/1315/195 1081/1316/195
f 1209/1317/17 619/1318/17 139/1319/17 1082/1320/17
f 1208/1321/256 1083/1322/256 186/1323/256 474/1324/256
f 1207/1325/257 1084/1326/257 369/1327/257 1085/1328/257
f 1206/1329/3 599/1330/3 119/1331/3 1086/1332/3
f 1205/1333/258 1087/1334/258 185/1335/258 473/1336/258
f 1204/1337/259 1088/1338/259 370/1339/259 1089/1340/259
f 1203/1341/260 616/1342/260 136/1343/260 1090/1344/260
f 1202/1345/261 1091/1346/261 156/1347/261 444/1348/261
f 1201/1349/262 1092/1350/262 371/1351/262 1093/1352/262
f 1200/1353/263 615/1354/263 135/1355/263 1094/1356/263
f 1199/1357/264 1095/1358/264 182/1359/264 470/1360/264
f 1198/1361/265 1096/1362/265 372/1363/265 1097/1364/265
f 1197/1365/14 602/1366/14 122/1367/14 1098/1368/14
f 1196/1369/148 1099/1370/148 181/1371/148 469/1372/148
f 1195/1373/148 1100/1374/148 373/1375/148 1101/1376/148
f 1194/1377/13 612/1378/13 132/1379/13 1102/1380/13
f 1193/1381/266 1103/1382/266 112/1383/266 592/1384/266
f 1192/1385/267 1104/1386/267 374/1387/267 1105/1388/267
f 1191/1389/268 611/1390/268 131/1391/268 1106/1392/268
f 1190/1393/269 1107/1394/269 178/1395/269 466/1396/269
f 1189/1397/270 1108/1398/270 375/1399/270 1109/1400/270
f 1188/1401/271 442/1402/271 154/1403/271 1110/1404/271
f 1187/1405/272 1111/1406/272 177/1407/272 465/1408/272
f 1186/1409/273 1112/1410/273 376/1411/273 1113/1412/273
f 1185/1413/274 608/1414/274 128/1415/274 1114/1416/274
f 1184/1417/275 1115/1418/275 121/1419/275 601/1420/275
f 1183/1421/276 1116/1422/276 377/1423/276 1117/1424/276
f 1182/1425/277 607/1426/277 127/1427/277 1118/1428/277
f 1181/1429/7 1119/1430/7 174/1431/7 462/1432/7
f 1180/1433/7 1120/1434/7 378/1435/7 1121/1436/7
f 1179/1437/278 437/1438/278 149/1439/278 1122/1440/278
f 1178/1441/7 1123/1442/7 173/1443/7 461/1444/7
f 1177/1445/7 1124/1446/7 379/1447/7 1125/1448/7
f 1176/1449/7 604/1450/7 124/1451/7 1126/1452/7
f 1175/1453/7 1127/1454/7 122/1455/7 602/1456/7
f 1174/1457/7 1128/1458/7 380/1459/7 1129/1460/7
f 1173/1461/7 603/1462/7 123/1463/7 1130/1464/7
f 1172/1465/7 1131/1466/7 110/1467/7 590/1468/7
f 1171/1469/7 1132/1470/7 381/1471/7 1133/1472/7
f 1170/1473/279 449/1474/279 161/1475/279 1134/1476/279
f 1169/1477/280 1135/1478/280 109/1479/280 589/1480/280
f 1168/1481/281 1136/1482/281 382/1483/281 1137/1484/281
f 1167/1485/282 454/1486/282 166/1487/282 1138/1488/282
f 1166/1489/283 1139/1490/283 100/1491/283 580/1492/283
f 1165/1493/284 1140/1494/284 383/1495/284 1141/1496/284
f 1164/1497/14 590/1498/14 110/1499/14 1142/1500/14
f 1163/1501/285 1143/1502/285 168/1503/285 456/1504/285
f 1162/1505/286 1144/1506/286 384/1507/286 1145/1508/286
f 1161/1509/3 587/1510/3 107/1511/3 1146/1512/3
f 1160/1513/287 1147/1514/287 165/1515/287 453/1516/287
f 1159/1517/287 1148/1518/287 385/1519/287 1149/1520/287
f 1158/1521/2 584/1522/2 104/1523/2 1150/1524/2
f 1157/1525/288 1151/1526/288 162/1527/288 450/1528/288
f 1156/1529/289 1152/1530/289 386/1531/289 1153/1532/289
f 1155/1533/77 581/1534/77 101/1535/77 1154/1536/77
f 1152/1530/290 1155/1533/290 1154/1536/290 386/1531/290
f 290/387/291 770/384/291 1155/1533/291 1152/1530/291
f 770/384/77 29/383/77 581/1534/77 1155/1533/77
f 767/418/292 1156/1529/292 1153/1532/292 287/419/292
f 98/379/293 578/388/293 1156/1529/293 767/418/293
f 578/388/294 290/387/294 1152/1530/294 1156/1529/294
f 575/374/295 1157/1525/295 450/1528/295 42/375/295
f 287/419/296 1153/1532/296 1157/1525/296 575/374/296
f 1153/1532/297 386/1531/297 1151/1526/297 1157/1525/297
f 1148/1518/298 1158/1521/298 1150/1524/298 385/1519/298
f 286/423/299 766/372/299 1158/1521/299 1148/1518/299
f 766/372/2 32/371/2 584/1522/2 1158/1521/2
f 763/454/300 1159/1517/300 1149/1520/300 283/455/300
f 97/367/301 574/424/301 1159/1517/301 763/454/301
f 574/424/86 286/423/86 1148/1518/86 1159/1517/86
f 571/362/302 1160/1513/302 453/1516/302 45/363/302
f 283/455/300 1149/1520/300 1160/1513/300 571/362/300
f 1149/1520/287 385/1519/287 1147/1514/287 1160/1513/287
f 1144/1506/303 1161/1509/303 1146/1512/303 384/1507/303
f 282/459/304 762/360/304 1161/1509/304 1144/1506/304
f 762/360/3 35/359/3 587/1510/3 1161/1509/3
f 759/490/305 1162/1505/305 1145/1508/305 279/491/305
f 96/355/306 570/460/306 1162/1505/306 759/490/306
f 570/460/307 282/459/307 1144/1506/307 1162/1505/307
f 567/350/308 1163/1501/308 456/1504/308 48/351/308
f 279/491/309 1145/1508/309 1163/1501/309 567/350/309
f 1145/1508/310 384/1507/310 1143/1502/310 1163/1501/310
f 1140/1494/311 1164/1497/311 1142/1500/311 383/1495/311
f 278/495/312 758/348/312 1164/1497/312 1140/1494/312
f 758/348/14 38/347/14 590/1498/14 1164/1497/14
f 755/526/313 1165/1493/313 1141/1496/313 275/527/313
f 95/343/314 566/496/314 1165/1493/314 755/526/314
f 566/496/101 278/495/101 1140/1494/101 1165/1493/101
f 563/338/315 1166/1489/315 580/1492/315 28/339/315
f 275/527/316 1141/1496/316 1166/1489/316 563/338/316
f 1141/1496/317 383/1495/317 1139/1490/317 1166/1489/317
f 1136/1482/318 1167/1485/318 1138/1488/318 382/1483/318
f 274/531/319 754/336/319 1167/1485/319 1136/1482/319
f 754/336/320 46/335/320 454/1486/320 1167/1485/320
f 751/562/321 1168/1481/321 1137/1484/321 271/563/321
f 94/331/322 562/532/322 1168/1481/322 751/562/322
f 562/532/323 274/531/323 1136/1482/323 1168/1481/323
f 559/326/324 1169/1477/324 589/1480/324 37/327/324
f 271/563/325 1137/1484/325 1169/1477/325 559/326/325
f 1137/1484/326 382/1483/326 1135/1478/326 1169/1477/326
f 1132/1470/7 1170/1473/7 1134/1476/7 381/1471/7
f 270/567/7 750/324/7 1170/1473/7 1132/1470/7
f 750/324/327 41/323/327 449/1474/327 1170/1473/327
f 747/598/7 1171/1469/7 1133/1472/7 267/599/7
f 93/319/7 558/568/7 1171/1469/7 747/598/7
f 558/568/7 270/567/7 1132/1470/7 1171/1469/7
f 555/314/7 1172/1465/7 590/1468/7 38/315/7
f 267/599/7 1133/1472/7 1172/1465/7 555/314/7
f 1133/1472/7 381/1471/7 1131/1466/7 1172/1465/7
f 1128/1458/7 1173/1461/7 1130/1464/7 380/1459/7
f 266/603/7 746/312/7 1173/1461/7 1128/1458/7
f 746/312/7 51/311/7 603/1462/7 1173/1461/7
f 743/634/7 1174/1457/7 1129/1460/7 263/635/7
f 92/307/7 554/604/7 1174/1457/7 743/634/7
f 554/604/7 266/603/7 1128/1458/7 1174/1457/7
f 551/302/7 1175/1453/7 602/1456/7 50/303/7
f 263/635/7 1129/1460/7 1175/1453/7 551/302/7
f 1129/1460/7 380/1459/7 1127/1454/7 1175/1453/7
f 1124/1446/7 1176/1449/7 1126/1452/7 379/1447/7
f 262/639/7 742/300/7 1176/1449/7 1124/1446/7
f 742/300/7 52/299/7 604/1450/7 1176/1449/7
f 739/670/7 1177/1445/7 1125/1448/7 259/671/7
f 91/295/7 550/640/7 1177/1445/7 739/670/7
f 550/640/7 262/639/7 1124/1446/7 1177/1445/7
f 547/290/7 1178/1441/7 461/1444/7 53/291/7
f 259/671/7 1125/1448/7 1178/1441/7 547/290/7
f 1125/1448/7 379/1447/7 1123/1442/7 1178/1441/7
f 1120/1434/7 1179/1437/7 1122/1440/7 378/1435/7
f 258/675/7 738/288/7 1179/1437/7 1120/1434/7
f 738/288/328 29/287/328 437/1438/328 1179/1437/328
f 735/706/7 1180/1433/7 1121/1436/7 255/707/7
f 90/283/7 546/676/7 1180/1433/7 735/706/7
f 546/676/7 258/675/7 1120/1434/7 1180/1433/7
f 543/278/7 1181/1429/7 462/1432/7 54/279/7
f 255/707/7 1121/1436/7 1181/1429/7 543/278/7
f 1121/1436/7 378/1435/7 1119/1430/7 1181/1429/7
f 1116/1422/329 1182/1425/329 1118/1428/329 377/1423/329
f 254/711/330 734/276/330 1182/1425/330 1116/1422/330
f 734/276/331 55/275/331 607/1426/331 1182/1425/331
f 731/742/332 1183/1421/332 1117/1424/332 251/743/332
f 89/271/333 542/712/333 1183/1421/333 731/742/333
f 542/712/334 254/711/334 1116/1422/334 1183/1421/334
f 539/266/335 1184/1417/335 601/1420/335 49/267/335
f 251/743/336 1117/1424/336 1184/1417/336 539/266/336
f 1117/1424/337 377/1423/337 1115/1418/337 1184/1417/337
f 1112/1410/338 1185/1413/338 1114/1416/338 376/1411/338
f 250/747/339 730/264/339 1185/1413/339 1112/1410/339
f 730/264/340 56/263/340 608/1414/340 1185/1413/340
f 727/778/341 1186/1409/341 1113/1412/341 247/779/341
f 88/259/342 538/748/342 1186/1409/342 727/778/342
f 538/748/343 250/747/343 1112/1410/343 1186/1409/343
f 535/254/344 1187/1405/344 465/1408/344 57/255/344
f 247/779/345 1113/1412/345 1187/1405/345 535/254/345
f 1113/1412/346 376/1411/346 1111/1406/346 1187/1405/346
f 1108/1398/347 1188/1401/347 1110/1404/347 375/1399/347
f 246/783/348 726/252/348 1188/1401/348 1108/1398/348
f 726/252/349 34/251/349 442/1402/349 1188/1401/349
f 723/814/350 1189/1397/350 1109/1400/350 243/815/350
f 87/247/351 534/784/351 1189/1397/351 723/814/351
f 534/784/352 246/783/352 1108/1398/352 1189/1397/352
f 531/242/353 1190/1393/353 466/1396/353 58/243/353
f 243/815/354 1109/1400/354 1190/1393/354 531/242/354
f 1109/1400/355 375/1399/355 1107/1394/355 1190/1393/355
f 1104/1386/356 1191/1389/356 1106/1392/356 374/1387/356
f 242/819/357 722/240/357 1191/1389/357 1104/1386/357
f 722/240/268 59/239/268 611/1390/268 1191/1389/268
f 719/850/358 1192/1385/358 1105/1388/358 239/851/358
f 86/235/358 530/820/358 1192/1385/358 719/850/358
f 530/820/147 242/819/147 1104/1386/147 1192/1385/147
f 527/230/359 1193/1381/359 592/1384/359 40/231/359
f 239/851/358 1105/1388/358 1193/1381/358 527/230/358
f 1105/1388/266 374/1387/266 1103/1382/266 1193/1381/266
f 1100/1374/360 1194/1377/360 1102/1380/360 373/1375/360
f 238/855/360 718/228/360 1194/1377/360 1100/1374/360
f 718/228/51 60/227/51 612/1378/51 1194/1377/51
f 715/886/361 1195/1373/361 1101/1376/361 235/887/361
f 85/223/362 526/856/362 1195/1373/362 715/886/362
f 526/856/155 238/855/155 1100/1374/155 1195/1373/155
f 523/218/361 1196/1369/361 469/1372/361 61/219/361
f 235/887/361 1101/1376/361 1196/1369/361 523/218/361
f 1101/1376/148 373/1375/148 1099/1370/148 1196/1369/148
f 1096/1362/363 1197/1365/363 1098/1368/363 372/1363/363
f 234/891/364 714/216/364 1197/1365/364 1096/1362/364
f 714/216/14 50/215/14 602/1366/14 1197/1365/14
f 711/922/365 1198/1361/365 1097/1364/365 231/923/365
f 84/211/366 522/892/366 1198/1361/366 711/922/366
f 522/892/367 234/891/367 1096/1362/367 1198/1361/367
f 519/206/368 1199/1357/368 470/1360/368 62/207/368
f 231/923/365 1097/1364/365 1199/1357/365 519/206/365
f 1097/1364/265 372/1363/265 1095/1358/265 1199/1357/265
f 1092/1350/369 1200/1353/369 1094/1356/369 371/1351/369
f 230/927/370 710/204/370 1200/1353/370 1092/1350/370
f 710/204/371 63/203/371 615/1354/371 1200/1353/371
f 707/958/372 1201/1349/372 1093/1352/372 227/959/372
f 83/199/373 518/928/373 1201/1349/373 707/958/373
f 518/928/374 230/927/374 1092/1350/374 1201/1349/374
f 515/194/375 1202/1345/375 444/1348/375 36/195/375
f 227/959/376 1093/1352/376 1202/1345/376 515/194/376
f 1093/1352/377 371/1351/377 1091/1346/377 1202/1345/377
f 1088/1338/378 1203/1341/378 1090/1344/378 370/1339/378
f 226/963/379 706/192/379 1203/1341/379 1088/1338/379
f 706/192/380 64/191/380 616/1342/380 1203/1341/380
f 703/994/381 1204/1337/381 1089/1340/381 223/995/381
f 82/187/382 514/964/382 1204/1337/382 703/994/382
f 514/964/383 226/963/383 1088/1338/383 1204/1337/383
f 511/182/384 1205/1333/384 473/1336/384 65/183/384
f 223/995/385 1089/1340/385 1205/1333/385 511/182/385
f 1089/1340/386 370/1339/386 1087/1334/386 1205/1333/386
f 1084/1326/387 1206/1329/387 1086/1332/387 369/1327/387
f 222/999/388 702/180/388 1206/1329/388 1084/1326/388
f 702/180/3 47/179/3 599/1330/3 1206/1329/3
f 699/1030/389 1207/1325/389 1085/1328/389 219/1031/389
f 81/175/390 510/1000/390 1207/1325/390 699/1030/390
f 510/1000/391 222/999/391 1084/1326/391 1207/1325/391
f 507/170/392 1208/1321/392 474/1324/392 66/171/392
f 219/1031/393 1085/1328/393 1208/1321/393 507/170/393
f 1085/1328/394 369/1327/394 1083/1322/394 1208/1321/394
f 1080/1314/395 1209/1317/395 1082/1320/395 368/1315/395
f 218/1035/395 698/168/395 1209/1317/395 1080/1314/395
f 698/168/38 67/167/38 619/1318/38 1209/1317/38
f 695/1066/396 1210/1313/396 1081/1316/396 215/1067/396
f 80/163/396 506/1036/396 1210/1313/396 695/1066/396
f 506/1036/195 218/1035/195 1080/1314/195 1210/1313/195
f 503/158/397 1211/1309/397 441/1312/397 33/159/397
f 215/1067/397 1081/1316/397 1211/1309/397 503/158/397
f 1081/1316/195 368/1315/195 1079/1310/195 1211/1309/195
f 1076/1302/398 1212/1305/398 1078/1308/398 367/1303/398
f 214/1071/399 694/156/399 1212/1305/399 1076/1302/399
f 694/156/254 68/155/254 620/1306/254 1212/1305/254
f 691/1102/400 1213/1301/400 1077/1304/400 211/1103/400
f 79/151/401 502/1072/401 1213/1301/401 691/1102/401
f 502/1072/201 214/1071/201 1076/1302/201 1213/1301/201
f 499/146/400 1214/1297/400 477/1300/400 69/147/400
f 211/1103/400 1077/1304/400 1214/1297/400 499/146/400
f 1077/1304/201 367/1303/201 1075/1298/201 1214/1297/201
f 1072/1290/402 1215/1293/402 1074/1296/402 366/1291/402
f 210/1107/403 690/144/403 1215/1293/403 1072/1290/403
f 690/144/2 44/143/2 596/1294/2 1215/1293/2
f 687/1138/404 1216/1289/404 1073/1292/404 207/1139/404
f 78/139/405 498/1108/405 1216/1289/405 687/1138/405
f 498/1108/406 210/1107/406 1072/1290/406 1216/1289/406
f 495/134/407 1217/1285/407 478/1288/407 70/135/407
f 207/1139/408 1073/1292/408 1217/1285/408 495/134/408
f 1073/1292/409 366/1291/409 1071/1286/409 1217/1285/409
f 1068/1278/410 1218/1281/410 1070/1284/410 365/1279/410
f 206/1143/411 686/132/411 1218/1281/411 1068/1278/411
f 686/132/412 71/131/412 623/1282/412 1218/1281/412
f 683/1174/413 1219/1277/413 1069/1280/413 203/1175/413
f 77/127/414 494/1144/414 1219/1277/414 683/1174/414
f 494/1144/415 206/1143/415 1068/1278/415 1219/1277/415
f 491/122/416 1220/1273/416 438/1276/416 30/123/416
f 203/1175/417 1069/1280/417 1220/1273/417 491/122/417
f 1069/1280/418 365/1279/418 1067/1274/418 1220/1273/418
f 1064/1266/419 1221/1269/419 1066/1272/419 364/1267/419
f 202/1179/420 682/120/420 1221/1269/420 1064/1266/420
f 682/120/421 72/119/421 624/1270/421 1221/1269/421
f 679/1210/422 1222/1265/422 1065/1268/422 199/1211/422
f 76/115/423 490/1180/423 1222/1265/423 679/1210/423
f 490/1180/424 202/1179/424 1064/1266/424 1222/1265/424
f 487/110/425 1223/1261/425 481/1264/425 73/111/425
f 199/1211/426 1065/1268/426 1223/1261/426 487/110/426
f 1065/1268/427 364/1267/427 1063/1262/427 1223/1261/427
f 1060/1254/428 1224/1257/428 1062/1260/428 363/1255/428
f 198/1215/429 678/108/429 1224/1257/429 1060/1254/429
f 678/108/24 41/107/24 593/1258/24 1224/1257/24
f 675/1246/430 1225/1253/430 1061/1256/430 195/1247/430
f 75/103/431 486/1216/431 1225/1253/431 675/1246/431
f 486/1216/432 198/1215/432 1060/1254/432 1225/1253/432
f 483/98/433 1226/1249/433 482/1252/433 74/99/433
f 195/1247/434 1061/1256/434 1226/1249/434 483/98/434
f 1061/1256/435 363/1255/435 1059/1250/435 1226/1249/435
f 1056/1242/436 1227/1245/436 1058/1248/436 362/1243/436
f 197/1227/437 677/104/437 1227/1245/437 1056/1242/437
f 677/104/438 75/103/438 675/1246/438 1227/1245/438
f 624/1270/439 1228/1241/439 1057/1244/439 144/1271/439
f 72/119/440 485/1228/440 1228/1241/440 624/1270/440
f 485/1228/441 197/1227/441 1056/1242/441 1228/1241/441
f 432/90/442 1229/1237/442 434/1240/442 26/91/442
f 144/1271/443 1057/1244/443 1229/1237/443 432/90/443
f 1057/1244/444 362/1243/444 1055/1238/444 1229/1237/444
f 1052/1230/445 1230/1233/445 1054/1236/445 361/1231/445
f 148/1537/446 436/1538/446 1230/1233/446 1052/1230/446
f 436/1538/447 28/1539/447 676/1234/447 1230/1233/447
f 672/1186/448 1231/1229/448 1053/1232/448 192/1187/448
f 10/1540/449 628/1541/449 1231/1229/449 672/1186/449
f 628/1541/450 148/1537/450 1052/1230/450 1231/1229/450
f 480/118/451 1232/1225/451 485/1228/451 72/119/451
f 192/1187/452 1053/1232/452 1232/1225/452 480/118/452
f 1053/1232/453 361/1231/453 1051/1226/453 1232/1225/453
f 1048/1218/454 1233/1221/454 1050/1224/454 360/1219/454
f 100/1542/455 388/1543/455 1233/1221/455 1048/1218/455
f 388/1543/237 2/1544/237 641/1222/237 1233/1221/237
f 676/1234/456 1234/1217/456 1049/1220/456 196/1235/456
f 28/1539/457 580/1545/457 1234/1217/457 676/1234/457
f 580/1545/458 100/1542/458 1048/1218/458 1234/1217/458
f 484/102/459 1235/1213/459 486/1216/459 75/103/459
f 196/1235/460 1049/1220/460 1235/1213/460 484/102/460
f 1049/1220/461 360/1219/461 1047/1214/461 1235/1213/461
f 1044/1206/462 1236/1209/462 1046/1212/462 359/1207/462
f 201/1191/463 681/116/463 1236/1209/463 1044/1206/463
f 681/116/464 76/115/464 679/1210/464 1236/1209/464
f 435/1546/465 1237/1205/465 1045/1208/465 147/1547/465
f 27/1548/466 489/1192/466 1237/1205/466 435/1546/466
f 489/1192/467 201/1191/467 1044/1206/467 1237/1205/467
f 627/1549/468 1238/1201/468 433/1204/468 9/1550/468
f 147/1547/469 1045/1208/469 1238/1201/469 627/1549/469
f 1045/1208/470 359/1207/470 1043/1202/470 1238/1201/470
f 1040/1194/471 1239/1197/471 1042/1200/471 358/1195/471
f 160/1551/472 448/1552/472 1239/1197/472 1040/1194/472
f 448/1552/473 40/1553/473 680/1198/473 1239/1197/473
f 387/1554/474 1240/1193/474 1041/1196/474 99/1555/474
f 1/1556/475 640/1557/475 1240/1193/475 387/1554/475
f 640/1557/476 160/1551/476 1040/1194/476 1240/1193/476
f 579/1558/477 1241/1189/477 489/1192/477 27/1548/477
f 99/1555/478 1041/1196/478 1241/1189/478 579/1558/478
f 1041/1196/479 358/1195/479 1039/1190/479 1241/1189/479
f 1036/1182/480 1242/1185/480 1038/1188/480 357/1183/480
f 112/1559/481 400/1560/481 1242/1185/481 1036/1182/481
f 400/1560/482 10/1540/482 672/1186/482 1242/1185/482
f 680/1198/483 1243/1181/483 1037/1184/483 200/1199/483
f 40/1553/484 592/1561/484 1243/1181/484 680/1198/484
f 592/1561/485 112/1559/485 1036/1182/485 1243/1181/485
f 488/114/486 1244/1177/486 490/1180/486 76/115/486
f 200/1199/487 1037/1184/487 1244/1177/487 488/114/487
f 1037/1184/488 357/1183/488 1035/1178/488 1244/1177/488
f 1032/1170/489 1245/1173/489 1034/1176/489 356/1171/489
f 205/1155/490 685/128/490 1245/1173/490 1032/1170/490
f 685/128/491 77/127/491 683/1174/491 1245/1173/491
f 447/1562/492 1246/1169/492 1033/1172/492 159/1563/492
f 39/1564/493 493/1156/493 1246/1169/493 447/1562/493
f 493/1156/494 205/1155/494 1032/1170/494 1246/1169/494
f 639/1565/495 1247/1165/495 390/1168/495 3/1566/495
f 159/1563/496 1033/1172/496 1247/1165/496 639/1565/496
f 1033/1172/497 356/1171/497 1031/1166/497 1247/1165/497
f 1028/1158/498 1248/1161/498 1030/1164/498 355/1159/498
f 145/1203/499 625/112/499 1248/1161/499 1028/1158/499
f 625/112/500 73/111/500 684/1162/500 1248/1161/500
f 399/1567/501 1249/1157/501 1029/1160/501 111/1568/501
f 9/1550/502 433/1204/502 1249/1157/502 399/1567/502
f 433/1204/503 145/1203/503 1028/1158/503 1249/1157/503
f 591/1569/504 1250/1153/504 493/1156/504 39/1564/504
f 111/1568/505 1029/1160/505 1250/1153/505 591/1569/505
f 1029/1160/506 355/1159/506 1027/1154/506 1250/1153/506
f 1024/1146/507 1251/1149/507 1026/1152/507 354/1147/507
f 193/1263/508 673/92/508 1251/1149/508 1024/1146/508
f 673/92/509 26/91/509 671/1150/509 1251/1149/509
f 684/1162/510 1252/1145/510 1025/1148/510 204/1163/510
f 73/111/511 481/1264/511 1252/1145/511 684/1162/511
f 481/1264/512 193/1263/512 1024/1146/512 1252/1145/512
f 492/126/513 1253/1141/513 494/1144/513 77/127/513
f 204/1163/514 1025/1148/514 1253/1141/514 492/126/514
f 1025/1148/515 354/1147/515 1023/1142/515 1253/1141/515
f 1020/1134/516 1254/1137/516 1022/1140/516 353/1135/516
f 209/1119/516 689/140/516 1254/1137/516 1020/1134/516
f 689/140/517 78/139/517 687/1138/517 1254/1137/517
f 620/1306/518 1255/1133/518 1021/1136/518 140/1307/518
f 68/155/518 497/1120/518 1255/1133/518 620/1306/518
f 497/1120/519 209/1119/519 1020/1134/519 1255/1133/519
f 428/78/520 1256/1129/520 430/1132/520 25/79/520
f 140/1307/521 1021/1136/521 1256/1129/521 428/78/521
f 1021/1136/214 353/1135/214 1019/1130/214 1256/1129/214
f 1016/1122/522 1257/1125/522 1018/1128/522 352/1123/522
f 114/411/523 594/376/523 1257/1125/523 1016/1122/523
f 594/376/524 42/375/524 688/1126/524 1257/1125/524
f 668/1078/525 1258/1121/525 1017/1124/525 188/1079/525
f 12/87/526 402/412/526 1258/1121/526 668/1078/526
f 402/412/527 114/411/527 1016/1122/527 1258/1121/527
f 476/154/528 1259/1117/528 497/1120/528 68/155/528
f 188/1079/528 1017/1124/528 1259/1117/528 476/154/528
f 1017/1124/212 352/1123/212 1015/1118/212 1259/1117/212
f 1012/1110/529 1260/1113/529 1014/1116/529 351/1111/529
f 162/1527/530 642/4/530 1260/1113/530 1012/1110/530
f 642/4/531 4/3/531 644/1114/531 1260/1113/531
f 688/1126/532 1261/1109/532 1013/1112/532 208/1127/532
f 42/375/533 450/1528/533 1261/1109/533 688/1126/533
f 450/1528/534 162/1527/534 1012/1110/534 1261/1109/534
f 496/138/405 1262/1105/405 498/1108/405 78/139/405
f 208/1127/535 1013/1112/535 1262/1105/535 496/138/535
f 1013/1112/209 351/1111/209 1011/1106/209 1262/1105/209
f 1008/1098/536 1263/1101/536 1010/1104/536 350/1099/536
f 213/1083/536 693/152/536 1263/1101/536 1008/1098/536
f 693/152/34 79/151/34 691/1102/34 1263/1101/34
f 439/1570/537 1264/1097/537 1009/1100/537 151/1571/537
f 31/1572/538 501/1084/538 1264/1097/538 439/1570/538
f 501/1084/539 213/1083/539 1008/1098/539 1264/1097/539
f 631/1573/540 1265/1093/540 429/1096/540 13/1574/540
f 151/1571/541 1009/1100/541 1265/1093/541 631/1573/541
f 1009/1100/207 350/1099/207 1007/1094/207 1265/1093/207
f 1004/1086/542 1266/1089/542 1006/1092/542 349/1087/542
f 102/1167/543 582/124/543 1266/1089/543 1004/1086/543
f 582/124/544 30/123/544 692/1090/544 1266/1089/544
f 391/1575/545 1267/1085/545 1005/1088/545 103/1576/545
f 3/1566/546 390/1168/546 1267/1085/546 391/1575/546
f 390/1168/547 102/1167/547 1004/1086/547 1267/1085/547
f 583/1577/548 1268/1081/548 501/1084/548 31/1572/548
f 103/1576/549 1005/1088/549 1268/1081/549 583/1577/549
f 1005/1088/550 349/1087/550 1003/1082/550 1268/1081/550
f 1000/1074/551 1269/1077/551 1002/1080/551 348/1075/551
f 150/1275/552 630/88/552 1269/1077/552 1000/1074/552
f 630/88/553 12/87/553 668/1078/553 1269/1077/553
f 692/1090/554 1270/1073/554 1001/1076/554 212/1091/554
f 30/123/554 438/1276/554 1270/1073/554 692/1090/554
f 438/1276/202 150/1275/202 1000/1074/202 1270/1073/202
f 500/150/401 1271/1069/401 502/1072/401 79/151/401
f 212/1091/401 1001/1076/401 1271/1069/401 500/150/401
f 1001/1076/202 348/1075/202 999/1070/202 1271/1069/202
f 996/1062/555 1272/1065/555 998/1068/555 347/1063/555
f 217/1047/555 697/164/555 1272/1065/555 996/1062/555
f 697/164/36 80/163/36 695/1066/36 1272/1065/36
f 451/1578/556 1273/1061/556 997/1064/556 163/1579/556
f 43/1580/557 505/1048/557 1273/1061/557 451/1578/557
f 505/1048/558 217/1047/558 996/1062/558 1273/1061/558
f 643/1581/559 1274/1057/559 393/1060/559 7/1582/559
f 163/1579/560 997/1064/560 1274/1057/560 643/1581/560
f 997/1064/200 347/1063/200 995/1058/200 1274/1057/200
f 992/1050/561 1275/1053/561 994/1056/561 346/1051/561
f 141/1095/562 621/148/562 1275/1053/562 992/1050/562
f 621/148/563 69/147/563 696/1054/563 1275/1053/563
f 403/1583/564 1276/1049/564 993/1052/564 115/1584/564
f 13/1574/540 429/1096/540 1276/1049/540 403/1583/540
f 429/1096/197 141/1095/197 992/1050/197 1276/1049/197
f 595/1585/565 1277/1045/565 505/1048/565 43/1580/565
f 115/1584/565 993/1052/565 1277/1045/565 595/1585/565
f 993/1052/566 346/1051/566 991/1046/566 1277/1045/566
f 988/1038/567 1278/1041/567 990/1044/567 345/1039/567
f 189/1299/567 669/80/567 1278/1041/567 988/1038/567
f 669/80/568 25/79/568 667/1042/568 1278/1041/568
f 696/1054/569 1279/1037/569 989/1040/569 216/1055/569
f 69/147/400 477/1300/400 1279/1037/400 696/1054/400
f 477/1300/195 189/1299/195 988/1038/195 1279/1037/195
f 504/162/396 1280/1033/396 506/1036/396 80/163/396
f 216/1055/569 989/1040/569 1280/1033/569 504/162/569
f 989/1040/195 345/1039/195 987/1034/195 1280/1033/195
f 984/1026/570 1281/1029/570 986/1032/570 344/1027/570
f 221/1011/571 701/176/571 1281/1029/571 984/1026/571
f 701/176/572 81/175/572 699/1030/572 1281/1029/572
f 616/1342/573 1282/1025/573 985/1028/573 136/1343/573
f 64/191/574 509/1012/574 1282/1025/574 616/1342/574
f 509/1012/575 221/1011/575 984/1026/575 1282/1025/575
f 424/66/576 1283/1021/576 426/1024/576 24/67/576
f 136/1343/577 985/1028/577 1283/1021/577 424/66/577
f 985/1028/578 344/1027/578 983/1022/578 1283/1021/578
f 980/1014/579 1284/1017/579 982/1020/579 343/1015/579
f 117/447/580 597/364/580 1284/1017/580 980/1014/580
f 597/364/581 45/363/581 700/1018/581 1284/1017/581
f 664/970/582 1285/1013/582 981/1016/582 184/971/582
f 15/75/583 405/448/583 1285/1013/583 664/970/583
f 405/448/584 117/447/584 980/1014/584 1285/1013/584
f 472/190/585 1286/1009/585 509/1012/585 64/191/585
f 184/971/586 981/1016/586 1286/1009/586 472/190/586
f 981/1016/587 343/1015/587 979/1010/587 1286/1009/587
f 976/1002/588 1287/1005/588 978/1008/588 342/1003/588
f 165/1515/589 645/8/589 1287/1005/589 976/1002/589
f 645/8/3 8/7/3 647/1006/3 1287/1005/3
f 700/1018/590 1288/1001/590 977/1004/590 220/1019/590
f 45/363/591 453/1516/591 1288/1001/591 700/1018/591
f 453/1516/592 165/1515/592 976/1002/592 1288/1001/592
f 508/174/593 1289/997/593 510/1000/593 81/175/593
f 220/1019/594 977/1004/594 1289/997/594 508/174/594
f 977/1004/595 342/1003/595 975/998/595 1289/997/595
f 972/990/596 1290/993/596 974/996/596 341/991/596
f 225/975/597 705/188/597 1290/993/597 972/990/597
f 705/188/598 82/187/598 703/994/598 1290/993/598
f 442/1402/599 1291/989/599 973/992/599 154/1403/599
f 34/251/600 513/976/600 1291/989/600 442/1402/600
f 513/976/601 225/975/601 972/990/601 1291/989/601
f 634/46/602 1292/985/602 425/988/602 16/47/602
f 154/1403/603 973/992/603 1292/985/603 634/46/603
f 973/992/604 341/991/604 971/986/604 1292/985/604
f 968/978/605 1293/981/605 970/984/605 340/979/605
f 105/1059/606 585/160/606 1293/981/606 968/978/606
f 585/160/607 33/159/607 704/982/607 1293/981/607
f 394/790/608 1294/977/608 969/980/608 106/791/608
f 7/1582/609 393/1060/609 1294/977/609 394/790/609
f 393/1060/610 105/1059/610 968/978/610 1294/977/610
f 586/250/611 1295/973/611 513/976/611 34/251/611
f 106/791/612 969/980/612 1295/973/612 586/250/612
f 969/980/613 340/979/613 967/974/613 1295/973/613
f 964/966/614 1296/969/614 966/972/614 339/967/614
f 153/1311/615 633/76/615 1296/969/615 964/966/615
f 633/76/616 15/75/616 664/970/616 1296/969/616
f 704/982/617 1297/965/617 965/968/617 224/983/617
f 33/159/618 441/1312/618 1297/965/618 704/982/618
f 441/1312/619 153/1311/619 964/966/619 1297/965/619
f 512/186/620 1298/961/620 514/964/620 82/187/620
f 224/983/621 965/968/621 1298/961/621 512/186/621
f 965/968/622 339/967/622 963/962/622 1298/961/622
f 960/954/623 1299/957/623 962/960/623 338/955/623
f 229/939/624 709/200/624 1299/957/624 960/954/624
f 709/200/625 83/199/625 707/958/625 1299/957/625
f 454/1486/626 1300/953/626 961/956/626 166/1487/626
f 46/335/627 517/940/627 1300/953/627 454/1486/627
f 517/940/628 229/939/628 960/954/628 1300/953/628
f 646/18/629 1301/949/629 396/952/629 5/19/629
f 166/1487/630 961/956/630 1301/949/630 646/18/630
f 961/956/631 338/955/631 959/950/631 1301/949/631
f 956/942/632 1302/945/632 958/948/632 337/943/632
f 137/987/633 617/184/633 1302/945/633 956/942/633
f 617/184/634 65/183/634 708/946/634 1302/945/634
f 406/538/635 1303/941/635 957/944/635 118/539/635
f 16/47/636 425/988/636 1303/941/636 406/538/636
f 425/988/637 137/987/637 956/942/637 1303/941/637
f 598/334/638 1304/937/638 517/940/638 46/335/638
f 118/539/639 957/944/639 1304/937/639 598/334/639
f 957/944/640 337/943/640 955/938/640 1304/937/640
f 952/930/641 1305/933/641 954/936/641 336/931/641
f 185/1335/642 665/68/642 1305/933/642 952/930/642
f 665/68/643 24/67/643 663/934/643 1305/933/643
f 708/946/644 1306/929/644 953/932/644 228/947/644
f 65/183/645 473/1336/645 1306/929/645 708/946/645
f 473/1336/646 185/1335/646 952/930/646 1306/929/646
f 516/198/647 1307/925/647 518/928/647 83/199/647
f 228/947/648 953/932/648 1307/925/648 516/198/648
f 953/932/649 336/931/649 951/926/649 1307/925/649
f 948/918/650 1308/921/650 950/924/650 335/919/650
f 233/903/651 713/212/651 1308/921/651 948/918/651
f 713/212/48 84/211/48 711/922/48 1308/921/48
f 612/1378/652 1309/917/652 949/920/652 132/1379/652
f 60/227/652 521/904/652 1309/917/652 612/1378/652
f 521/904/167 233/903/167 948/918/167 1309/917/167
f 420/54/653 1310/913/653 422/916/653 23/55/653
f 132/1379/652 949/920/652 1310/913/652 420/54/652
f 949/920/167 335/919/167 947/914/167 1310/913/167
f 944/906/654 1311/909/654 946/912/654 334/907/654
f 120/483/655 600/352/655 1311/909/655 944/906/655
f 600/352/165 48/351/165 712/910/165 1311/909/165
f 660/862/656 1312/905/656 945/908/656 180/863/656
f 18/63/656 408/484/656 1312/905/656 660/862/656
f 408/484/164 120/483/164 944/906/164 1312/905/164
f 468/226/656 1313/901/656 521/904/656 60/227/656
f 180/863/656 945/908/656 1313/901/656 468/226/656
f 945/908/163 334/907/163 943/902/163 1313/901/163
f 940/894/657 1314/897/657 942/900/657 333/895/657
f 168/1503/658 648/12/658 1314/897/658 940/894/658
f 648/12/14 6/11/14 650/898/14 1314/897/14
f 712/910/659 1315/893/659 941/896/659 232/911/659
f 48/351/660 456/1504/660 1315/893/660 712/910/660
f 456/1504/162 168/1503/162 940/894/162 1315/893/162
f 520/210/366 1316/889/366 522/892/366 84/211/366
f 232/911/659 941/896/659 1316/889/659 520/210/659
f 941/896/162 333/895/162 939/890/162 1316/889/162
f 936/882/661 1317/885/661 938/888/661 332/883/661
f 237/867/661 717/224/661 1317/885/661 936/882/661
f 717/224/50 85/223/50 715/886/50 1317/885/50
f 445/1586/662 1318/881/662 937/884/662 157/1587/662
f 37/1588/663 525/868/663 1318/881/663 445/1586/663
f 525/868/664 237/867/664 936/882/664 1318/881/664
f 637/1589/665 1319/877/665 421/880/665 19/1590/665
f 157/1587/666 937/884/666 1319/877/666 637/1589/666
f 937/884/667 332/883/667 935/878/667 1319/877/667
f 932/870/668 1320/873/668 934/876/668 331/871/668
f 108/951/668 588/196/668 1320/873/668 932/870/668
f 588/196/158 36/195/158 716/874/158 1320/873/158
f 397/1591/669 1321/869/669 933/872/669 109/1592/669
f 5/19/669 396/952/669 1321/869/669 397/1591/669
f 396/952/670 108/951/670 932/870/670 1321/869/670
f 589/1593/671 1322/865/671 525/868/671 37/1588/671
f 109/1592/672 933/872/672 1322/865/672 589/1593/672
f 933/872/673 331/871/673 931/866/673 1322/865/673
f 928/858/360 1323/861/360 930/864/360 330/859/360
f 156/1347/360 636/64/360 1323/861/360 928/858/360
f 636/64/674 18/63/674 660/862/674 1323/861/674
f 716/874/675 1324/857/675 929/860/675 236/875/675
f 36/195/675 444/1348/675 1324/857/675 716/874/675
f 444/1348/155 156/1347/155 928/858/155 1324/857/155
f 524/222/675 1325/853/675 526/856/675 85/223/675
f 236/875/675 929/860/675 1325/853/675 524/222/675
f 929/860/155 330/859/155 927/854/155 1325/853/155
f 924/846/676 1326/849/676 926/852/676 329/847/676
f 241/831/677 721/236/677 1326/849/677 924/846/677
f 721/236/154 86/235/154 719/850/154 1326/849/154
f 457/1594/678 1327/845/678 925/848/678 169/1595/678
f 49/1596/679 529/832/679 1327/845/679 457/1594/679
f 529/832/153 241/831/153 924/846/153 1327/845/153
f 649/1597/680 1328/841/680 640/844/680 1/1598/680
f 169/1595/681 925/848/681 1328/841/681 649/1597/681
f 925/848/682 329/847/682 923/842/682 1328/841/682
f 920/834/683 1329/837/683 922/840/683 328/835/683
f 133/879/684 613/220/684 1329/837/684 920/834/684
f 613/220/49 61/219/49 720/838/49 1329/837/49
f 409/1599/685 1330/833/685 921/836/685 121/1600/685
f 19/1590/686 421/880/686 1330/833/686 409/1599/686
f 421/880/150 133/879/150 920/834/150 1330/833/150
f 601/1601/687 1331/829/687 529/832/687 49/1596/687
f 121/1600/687 921/836/687 1331/829/687 601/1601/687
f 921/836/149 328/835/149 919/830/149 1331/829/149
f 916/822/357 1332/825/357 918/828/357 327/823/357
f 181/1371/688 661/56/688 1332/825/688 916/822/688
f 661/56/13 23/55/13 659/826/13 1332/825/13
f 720/838/689 1333/821/689 917/824/689 240/839/689
f 61/219/361 469/1372/361 1333/821/361 720/838/361
f 469/1372/148 181/1371/148 916/822/148 1333/821/148
f 528/234/689 1334/817/689 530/820/689 86/235/689
f 240/839/689 917/824/689 1334/817/689 528/234/689
f 917/824/147 327/823/147 915/818/147 1334/817/147
f 912/810/690 1335/813/690 914/816/690 326/811/690
f 245/795/691 725/248/691 1335/813/691 912/810/691
f 725/248/692 87/247/692 723/814/692 1335/813/692
f 608/1414/693 1336/809/693 913/812/693 128/1415/693
f 56/263/694 533/796/694 1336/809/694 608/1414/694
f 533/796/695 245/795/695 912/810/695 1336/809/695
f 416/42/696 1337/805/696 418/808/696 22/43/696
f 128/1415/697 913/812/697 1337/805/697 416/42/697
f 913/812/698 326/811/698 911/806/698 1337/805/698
f 908/798/699 1338/801/699 910/804/699 325/799/699
f 115/1602/700 595/1603/700 1338/801/700 908/798/700
f 595/1603/701 43/1604/701 724/802/701 1338/801/701
f 656/754/702 1339/797/702 909/800/702 176/755/702
f 13/1605/703 403/1606/703 1339/797/703 656/754/703
f 403/1606/704 115/1602/704 908/798/704 1339/797/704
f 464/262/705 1340/793/705 533/796/705 56/263/705
f 176/755/706 909/800/706 1340/793/706 464/262/706
f 909/800/707 325/799/707 907/794/707 1340/793/707
f 904/786/708 1341/789/708 906/792/708 324/787/708
f 163/1607/709 643/1608/709 1341/789/709 904/786/709
f 643/1608/710 7/1582/710 394/790/710 1341/789/710
f 724/802/711 1342/785/711 905/788/711 244/803/711
f 43/1604/712 451/1609/712 1342/785/712 724/802/712
f 451/1609/713 163/1607/713 904/786/713 1342/785/713
f 532/246/714 1343/781/714 534/784/714 87/247/714
f 244/803/715 905/788/715 1343/781/715 532/246/715
f 905/788/716 324/787/716 903/782/716 1343/781/716
f 900/774/717 1344/777/717 902/780/717 323/775/717
f 249/759/718 729/260/718 1344/777/718 900/774/718
f 729/260/719 88/259/719 727/778/719 1344/777/719
f 591/1610/720 1345/773/720 901/776/720 111/1611/720
f 39/1612/721 537/760/721 1345/773/721 591/1610/721
f 537/760/722 249/759/722 900/774/722 1345/773/722
f 399/1613/723 1346/769/723 417/772/723 9/1614/723
f 111/1611/724 901/776/724 1346/769/724 399/1613/724
f 901/776/725 323/775/725 899/770/725 1346/769/725
f 896/762/726 1347/765/726 898/768/726 322/763/726
f 103/1615/727 583/1616/727 1347/765/727 896/762/727
f 583/1616/728 31/1617/728 728/766/728 1347/765/728
f 639/1618/729 1348/761/729 897/764/729 159/1619/729
f 3/1620/730 391/1621/730 1348/761/730 639/1618/730
f 391/1621/731 103/1615/731 896/762/731 1348/761/731
f 447/1622/732 1349/757/732 537/760/732 39/1612/732
f 159/1619/733 897/764/733 1349/757/733 447/1622/733
f 897/764/734 322/763/734 895/758/734 1349/757/734
f 892/750/735 1350/753/735 894/756/735 321/751/735
f 151/1623/736 631/1624/736 1350/753/736 892/750/736
f 631/1624/737 13/1605/737 656/754/737 1350/753/737
f 728/766/738 1351/749/738 893/752/738 248/767/738
f 31/1617/739 439/1625/739 1351/749/739 728/766/739
f 439/1625/740 151/1623/740 892/750/740 1351/749/740
f 536/258/741 1352/745/741 538/748/741 88/259/741
f 248/767/742 893/752/742 1352/745/742 536/258/742
f 893/752/743 321/751/743 891/746/743 1352/745/743
f 888/738/744 1353/741/744 890/744/744 320/739/744
f 253/723/745 733/272/745 1353/741/745 888/738/745
f 733/272/746 89/271/746 731/742/746 1353/741/746
f 579/1626/747 1354/737/747 889/740/747 99/1627/747
f 27/1628/748 541/724/748 1354/737/748 579/1626/748
f 541/724/749 253/723/749 888/738/749 1354/737/749
f 387/1629/750 1355/733/750 649/736/750 1/1630/750
f 99/1627/751 889/740/751 1355/733/751 387/1629/751
f 889/740/752 320/739/752 887/734/752 1355/733/752
f 884/726/753 1356/729/753 886/732/753 319/727/753
f 129/771/754 609/256/754 1356/729/754 884/726/754
f 609/256/755 57/255/755 732/730/755 1356/729/755
f 627/1631/756 1357/725/756 885/728/756 147/1632/756
f 9/1614/757 417/772/757 1357/725/757 627/1631/757
f 417/772/758 129/771/758 884/726/758 1357/725/758
f 435/1633/759 1358/721/759 541/724/759 27/1628/759
f 147/1632/760 885/728/760 1358/721/760 435/1633/760
f 885/728/761 319/727/761 883/722/761 1358/721/761
f 880/714/762 1359/717/762 882/720/762 318/715/762
f 177/1407/763 657/44/763 1359/717/763 880/714/763
f 657/44/764 22/43/764 655/718/764 1359/717/764
f 732/730/765 1360/713/765 881/716/765 252/731/765
f 57/255/766 465/1408/766 1360/713/766 732/730/766
f 465/1408/767 177/1407/767 880/714/767 1360/713/767
f 540/270/768 1361/709/768 542/712/768 89/271/768
f 252/731/769 881/716/769 1361/709/769 540/270/769
f 881/716/770 318/715/770 879/710/770 1361/709/770
f 876/702/7 1362/705/7 878/708/7 317/703/7
f 257/687/7 737/284/7 1362/705/7 876/702/7
f 737/284/7 90/283/7 735/706/7 1362/705/7
f 604/1450/7 1363/701/7 877/704/7 124/1451/7
f 52/299/7 545/688/7 1363/701/7 604/1450/7
f 545/688/7 257/687/7 876/702/7 1363/701/7
f 412/30/7 1364/697/7 414/700/7 21/31/7
f 124/1451/7 877/704/7 1364/697/7 412/30/7
f 877/704/7 317/703/7 875/698/7 1364/697/7
f 872/690/7 1365/693/7 874/696/7 316/691/7
f 116/1634/7 596/1635/7 1365/693/7 872/690/7
f 596/1635/7 44/1636/7 736/694/7 1365/693/7
f 652/646/7 1366/689/7 873/692/7 172/647/7
f 14/1637/7 404/1638/7 1366/689/7 652/646/7
f 404/1638/7 116/1634/7 872/690/7 1366/689/7
f 460/298/7 1367/685/7 545/688/7 52/299/7
f 172/647/7 873/692/7 1367/685/7 460/298/7
f 873/692/7 316/691/7 871/686/7 1367/685/7
f 868/678/7 1368/681/7 870/684/7 315/679/7
f 164/1639/7 644/1640/7 1368/681/7 868/678/7
f 644/1640/771 4/1641/771 389/682/771 1368/681/771
f 736/694/7 1369/677/7 869/680/7 256/695/7
f 44/1636/7 452/1642/7 1369/677/7 736/694/7
f 452/1642/7 164/1639/7 868/678/7 1369/677/7
f 544/282/7 1370/673/7 546/676/7 90/283/7
f 256/695/7 869/680/7 1370/673/7 544/282/7
f 869/680/7 315/679/7 867/674/7 1370/673/7
f 864/666/7 1371/669/7 866/672/7 314/667/7
f 261/651/7 741/296/7 1371/669/7 864/666/7
f 741/296/7 91/295/7 739/670/7 1371/669/7
f 599/1330/7 1372/665/7 865/668/7 119/1331/7
f 47/179/7 549/652/7 1372/665/7 599/1330/7
f 549/652/7 261/651/7 864/666/7 1372/665/7
f 407/70/7 1373/661/7 413/664/7 17/71/7
f 119/1331/7 865/668/7 1373/661/7 407/70/7
f 865/668/7 314/667/7 863/662/7 1373/661/7
f 860/654/7 1374/657/7 862/660/7 313/655/7
f 104/1643/7 584/1644/7 1374/657/7 860/654/7
f 584/1644/7 32/1645/7 740/658/7 1374/657/7
f 647/1006/7 1375/653/7 861/656/7 167/1007/7
f 8/7/7 392/1646/7 1375/653/7 647/1006/7
f 392/1646/7 104/1643/7 860/654/7 1375/653/7
f 455/178/7 1376/649/7 549/652/7 47/179/7
f 167/1007/7 861/656/7 1376/649/7 455/178/7
f 861/656/7 313/655/7 859/650/7 1376/649/7
f 856/642/7 1377/645/7 858/648/7 312/643/7
f 152/1647/7 632/1648/7 1377/645/7 856/642/7
f 632/1648/7 14/1637/7 652/646/7 1377/645/7
f 740/658/7 1378/641/7 857/644/7 260/659/7
f 32/1645/7 440/1649/7 1378/641/7 740/658/7
f 440/1649/7 152/1647/7 856/642/7 1378/641/7
f 548/294/7 1379/637/7 550/640/7 91/295/7
f 260/659/7 857/644/7 1379/637/7 548/294/7
f 857/644/7 312/643/7 855/638/7 1379/637/7
f 852/630/7 1380/633/7 854/636/7 311/631/7
f 265/615/7 745/308/7 1380/633/7 852/630/7
f 745/308/7 92/307/7 743/634/7 1380/633/7
f 587/1510/7 1381/629/7 853/632/7 107/1511/7
f 35/359/7 553/616/7 1381/629/7 587/1510/7
f 553/616/7 265/615/7 852/630/7 1381/629/7
f 395/10/7 1382/625/7 650/628/7 6/11/7
f 107/1511/7 853/632/7 1382/625/7 395/10/7
f 853/632/7 311/631/7 851/626/7 1382/625/7
f 848/618/7 1383/621/7 850/624/7 310/619/7
f 125/663/7 605/292/7 1383/621/7 848/618/7
f 605/292/7 53/291/7 744/622/7 1383/621/7
f 635/466/7 1384/617/7 849/620/7 155/467/7
f 17/71/7 413/664/7 1384/617/7 635/466/7
f 413/664/7 125/663/7 848/618/7 1384/617/7
f 443/358/7 1385/613/7 553/616/7 35/359/7
f 155/467/7 849/620/7 1385/613/7 443/358/7
f 849/620/7 310/619/7 847/614/7 1385/613/7
f 844/606/7 1386/609/7 846/612/7 309/607/7
f 173/1443/7 653/32/7 1386/609/7 844/606/7
f 653/32/7 21/31/7 651/610/7 1386/609/7
f 744/622/7 1387/605/7 845/608/7 264/623/7
f 53/291/7 461/1444/7 1387/605/7 744/622/7
f 461/1444/7 173/1443/7 844/606/7 1387/605/7
f 552/306/7 1388/601/7 554/604/7 92/307/7
f 264/623/7 845/608/7 1388/601/7 552/306/7
f 845/608/7 309/607/7 843/602/7 1388/601/7
f 840/594/7 1389/597/7 842/600/7 308/595/7
f 269/579/7 749/320/7 1389/597/7 840/594/7
f 749/320/7 93/319/7 747/598/7 1389/597/7
f 603/1462/7 1390/593/7 841/596/7 123/1463/7
f 51/311/7 557/580/7 1390/593/7 603/1462/7
f 557/580/7 269/579/7 840/594/7 1390/593/7
f 411/26/7 1391/589/7 638/592/7 20/27/7
f 123/1463/7 841/596/7 1391/589/7 411/26/7
f 841/596/7 308/595/7 839/590/7 1391/589/7
f 836/582/7 1392/585/7 838/588/7 307/583/7
f 126/699/7 606/280/7 1392/585/7 836/582/7
f 606/280/7 54/279/7 748/586/7 1392/585/7
f 651/610/7 1393/581/7 837/584/7 171/611/7
f 21/31/7 414/700/7 1393/581/7 651/610/7
f 414/700/7 126/699/7 836/582/7 1393/581/7
f 459/310/7 1394/577/7 557/580/7 51/311/7
f 171/611/7 837/584/7 1394/577/7 459/310/7
f 837/584/7 307/583/7 835/578/7 1394/577/7
f 832/570/7 1395/573/7 834/576/7 306/571/7
f 174/1431/7 654/36/7 1395/573/7 832/570/7
f 654/36/772 11/35/772 401/574/772 1395/573/772
f 748/586/7 1396/569/7 833/572/7 268/587/7
f 54/279/7 462/1432/7 1396/569/7 748/586/7
f 462/1432/7 174/1431/7 832/570/7 1396/569/7
f 556/318/7 1397/565/7 558/568/7 93/319/7
f 268/587/7 833/572/7 1397/565/7 556/318/7
f 833/572/7 306/571/7 831/566/7 1397/565/7
f 828/558/773 1398/561/773 830/564/773 305/559/773
f 273/543/774 753/332/774 1398/561/774 828/558/774
f 753/332/775 94/331/775 751/562/775 1398/561/775
f 607/1426/776 1399/557/776 829/560/776 127/1427/776
f 55/275/777 561/544/777 1399/557/777 607/1426/777
f 561/544/778 273/543/778 828/558/778 1399/557/778
f 415/38/779 1400/553/779 637/556/779 19/39/779
f 127/1427/780 829/560/780 1400/553/780 415/38/780
f 829/560/781 305/559/781 827/554/781 1400/553/781
f 824/546/782 1401/549/782 826/552/782 304/547/782
f 130/807/783 610/244/783 1401/549/783 824/546/783
f 610/244/784 58/243/784 752/550/784 1401/549/784
f 655/718/785 1402/545/785 825/548/785 175/719/785
f 22/43/786 418/808/786 1402/545/786 655/718/786
f 418/808/787 130/807/787 824/546/787 1402/545/787
f 463/274/788 1403/541/788 561/544/788 55/275/788
f 175/719/789 825/548/789 1403/541/789 463/274/789
f 825/548/790 304/547/790 823/542/790 1403/541/790
f 820/534/791 1404/537/791 822/540/791 303/535/791
f 178/1395/792 658/48/792 1404/537/792 820/534/792
f 658/48/793 16/47/793 406/538/793 1404/537/793
f 752/550/794 1405/533/794 821/536/794 272/551/794
f 58/243/795 466/1396/795 1405/533/795 752/550/795
f 466/1396/796 178/1395/796 820/534/796 1405/533/796
f 560/330/797 1406/529/797 562/532/797 94/331/797
f 272/551/798 821/536/798 1406/529/798 560/330/798
f 821/536/799 303/535/799 819/530/799 1406/529/799
f 816/522/800 1407/525/800 818/528/800 302/523/800
f 277/507/800 757/344/800 1407/525/800 816/522/800
f 757/344/70 95/343/70 755/526/70 1407/525/70
f 611/1390/801 1408/521/801 817/524/801 131/1391/801
f 59/239/802 565/508/802 1408/521/802 611/1390/802
f 565/508/107 277/507/107 816/522/107 1408/521/107
f 419/50/803 1409/517/803 628/520/803 10/51/803
f 131/1391/801 817/524/801 1409/517/801 419/50/801
f 817/524/804 302/523/804 815/518/804 1409/517/804
f 812/510/805 1410/513/805 814/516/805 301/511/805
f 134/915/806 614/208/806 1410/513/806 812/510/806
f 614/208/105 62/207/105 756/514/105 1410/513/105
f 659/826/807 1411/509/807 813/512/807 179/827/807
f 23/55/653 422/916/653 1411/509/653 659/826/653
f 422/916/808 134/915/808 812/510/808 1411/509/808
f 467/238/802 1412/505/802 565/508/802 59/239/802
f 179/827/807 813/512/807 1412/505/807 467/238/807
f 813/512/104 301/511/104 811/506/104 1412/505/104
f 808/498/809 1413/501/809 810/504/809 300/499/809
f 182/1359/810 662/60/810 1413/501/810 808/498/810
f 662/60/14 20/59/14 638/502/14 1413/501/14
f 756/514/811 1414/497/811 809/500/811 276/515/811
f 62/207/368 470/1360/368 1414/497/368 756/514/368
f 470/1360/102 182/1359/102 808/498/102 1414/497/102
f 564/342/812 1415/493/812 566/496/812 95/343/812
f 276/515/812 809/500/812 1415/493/812 564/342/812
f 809/500/813 300/499/813 807/494/813 1415/493/813
f 804/486/814 1416/489/814 806/492/814 299/487/814
f 281/471/815 761/356/815 1416/489/815 804/486/815
f 761/356/816 96/355/816 759/490/816 1416/489/816
f 615/1354/817 1417/485/817 805/488/817 135/1355/817
f 63/203/818 569/472/818 1417/485/818 615/1354/818
f 569/472/819 281/471/819 804/486/819 1417/485/819
f 423/62/820 1418/481/820 408/484/820 18/63/820
f 135/1355/821 805/488/821 1418/481/821 423/62/821
f 805/488/822 299/487/822 803/482/822 1418/481/822
f 800/474/823 1419/477/823 802/480/823 298/475/823
f 138/1023/824 618/172/824 1419/477/824 800/474/824
f 618/172/825 66/171/825 760/478/825 1419/477/825
f 663/934/826 1420/473/826 801/476/826 183/935/826
f 24/67/827 426/1024/827 1420/473/827 663/934/827
f 426/1024/828 138/1023/828 800/474/828 1420/473/828
f 471/202/829 1421/469/829 569/472/829 63/203/829
f 183/935/830 801/476/830 1421/469/830 471/202/830
f 801/476/831 298/475/831 799/470/831 1421/469/831
f 796/462/832 1422/465/832 798/468/832 297/463/832
f 186/1323/833 666/72/833 1422/465/833 796/462/833
f 666/72/3 17/71/3 635/466/3 1422/465/3
f 760/478/834 1423/461/834 797/464/834 280/479/834
f 66/171/835 474/1324/835 1423/461/835 760/478/835
f 474/1324/836 186/1323/836 796/462/836 1423/461/836
f 568/354/837 1424/457/837 570/460/837 96/355/837
f 280/479/838 797/464/838 1424/457/838 568/354/838
f 797/464/839 297/463/839 795/458/839 1424/457/839
f 792/450/840 1425/453/840 794/456/840 296/451/840
f 285/435/841 765/368/841 1425/453/841 792/450/841
f 765/368/842 97/367/842 763/454/842 1425/453/842
f 619/1318/843 1426/449/843 793/452/843 139/1319/843
f 67/167/843 573/436/843 1426/449/843 619/1318/843
f 573/436/88 285/435/88 792/450/88 1426/449/88
f 427/74/844 1427/445/844 405/448/844 15/75/844
f 139/1319/844 793/452/844 1427/445/844 427/74/844
f 793/452/91 296/451/91 791/446/91 1427/445/91
f 788/438/845 1428/441/845 790/444/845 295/439/845
f 142/1131/846 622/136/846 1428/441/846 788/438/846
f 622/136/90 70/135/90 764/442/90 1428/441/90
f 667/1042/847 1429/437/847 789/440/847 187/1043/847
f 25/79/847 430/1132/847 1429/437/847 667/1042/847
f 430/1132/89 142/1131/89 788/438/89 1429/437/89
f 475/166/843 1430/433/843 573/436/843 67/167/843
f 187/1043/847 789/440/847 1430/433/847 475/166/847
f 789/440/88 295/439/88 787/434/88 1430/433/88
f 784/426/848 1431/429/848 786/432/848 294/427/848
f 190/1287/849 670/84/849 1431/429/849 784/426/849
f 670/84/2 14/83/2 632/430/2 1431/429/2
f 764/442/850 1432/425/850 785/428/850 284/443/850
f 70/135/851 478/1288/851 1432/425/851 764/442/851
f 478/1288/852 190/1287/852 784/426/852 1432/425/852
f 572/366/853 1433/421/853 574/424/853 97/367/853
f 284/443/850 785/428/850 1433/421/850 572/366/850
f 785/428/87 294/427/87 783/422/87 1433/421/87
f 780/414/854 1434/417/854 782/420/854 293/415/854
f 289/399/855 769/380/855 1434/417/855 780/414/855
f 769/380/856 98/379/856 767/418/856 1434/417/856
f 623/1282/857 1435/413/857 781/416/857 143/1283/857
f 71/131/858 577/400/858 1435/413/858 623/1282/858
f 577/400/859 289/399/859 780/414/859 1435/413/859
f 431/86/860 1436/409/860 402/412/860 12/87/860
f 143/1283/861 781/416/861 1436/409/861 431/86/861
f 781/416/862 293/415/862 779/410/862 1436/409/862
f 776/402/863 1437/405/863 778/408/863 292/403/863
f 146/1239/864 626/100/864 1437/405/864 776/402/864
f 626/100/865 74/99/865 768/406/865 1437/405/865
f 671/1150/866 1438/401/866 777/404/866 191/1151/866
f 26/91/867 434/1240/867 1438/401/867 671/1150/867
f 434/1240/868 146/1239/868 776/402/868 1438/401/868
f 479/130/869 1439/397/869 577/400/869 71/131/869
f 191/1151/870 777/404/870 1439/397/870 479/130/870
f 777/404/871 292/403/871 775/398/871 1439/397/871
f 772/390/872 1440/393/872 774/396/872 291/391/872
f 194/1251/873 674/96/873 1440/393/873 772/390/873
f 674/96/21 11/95/21 629/394/21 1440/393/21
f 768/406/874 1441/389/874 773/392/874 288/407/874
f 74/99/875 482/1252/875 1441/389/875 768/406/875
f 482/1252/876 194/1251/876 772/390/876 1441/389/876
f 576/378/877 1442/385/877 578/388/877 98/379/877
f 288/407/878 773/392/878 1442/385/878 576/378/878
f 773/392/879 291/391/879 771/386/879 1442/385/879
f 771/386/880 1443/381/880 770/384/880 290/387/880
f 291/391/881 774/396/881 1443/381/881 771/386/881
f 774/396/77 149/395/77 437/382/77 1443/381/77
f 775/398/882 1444/377/882 769/380/882 289/399/882
f 292/403/883 778/408/883 1444/377/883 775/398/883
f 778/408/884 288/407/884 576/378/884 1444/377/884
f 779/410/885 1445/373/885 594/376/885 114/411/885
f 293/415/886 782/420/886 1445/373/886 779/410/886
f 782/420/887 287/419/887 575/374/887 1445/373/887
f 783/422/888 1446/369/888 766/372/888 286/423/888
f 294/427/889 786/432/889 1446/369/889 783/422/889
f 786/432/2 152/431/2 440/370/2 1446/369/2
f 787/434/890 1447/365/890 765/368/890 285/435/890
f 295/439/845 790/444/845 1447/365/845 787/434/845
f 790/444/74 284/443/74 572/366/74 1447/365/74
f 791/446/840 1448/361/840 597/364/840 117/447/840
f 296/451/840 794/456/840 1448/361/840 791/446/840
f 794/456/73 283/455/73 571/362/73 1448/361/73
f 795/458/891 1449/357/891 762/360/891 282/459/891
f 297/463/892 798/468/892 1449/357/892 795/458/892
f 798/468/3 155/467/3 443/358/3 1449/357/3
f 799/470/893 1450/353/893 761/356/893 281/471/893
f 298/475/894 802/480/894 1450/353/894 799/470/894
f 802/480/895 280/479/895 568/354/895 1450/353/895
f 803/482/896 1451/349/896 600/352/896 120/483/896
f 299/487/897 806/492/897 1451/349/897 803/482/897
f 806/492/898 279/491/898 567/350/898 1451/349/898
f 807/494/899 1452/345/899 758/348/899 278/495/899
f 300/499/900 810/504/900 1452/345/900 807/494/900
f 810/504/14 158/503/14 446/346/14 1452/345/14
f 811/506/901 1453/341/901 757/344/901 277/507/901
f 301/511/805 814/516/805 1453/341/805 811/506/805
f 814/516/902 276/515/902 564/342/902 1453/341/902
f 815/518/903 1454/337/903 436/340/903 148/519/903
f 302/523/904 818/528/904 1454/337/904 815/518/904
f 818/528/905 275/527/905 563/338/905 1454/337/905
f 819/530/906 1455/333/906 754/336/906 274/531/906
f 303/535/907 822/540/907 1455/333/907 819/530/907
f 822/540/908 118/539/908 598/334/908 1455/333/908
f 823/542/909 1456/329/909 753/332/909 273/543/909
f 304/547/910 826/552/910 1456/329/910 823/542/910
f 826/552/911 272/551/911 560/330/911 1456/329/911
f 827/554/912 1457/325/912 445/328/912 157/555/912
f 305/559/913 830/564/913 1457/325/913 827/554/913
f 830/564/914 271/563/914 559/326/914 1457/325/914
f 831/566/7 1458/321/7 750/324/7 270/567/7
f 306/571/7 834/576/7 1458/321/7 831/566/7
f 834/576/915 113/575/915 593/322/915 1458/321/915
f 835/578/7 1459/317/7 749/320/7 269/579/7
f 307/583/7 838/588/7 1459/317/7 835/578/7
f 838/588/7 268/587/7 556/318/7 1459/317/7
f 839/590/7 1460/313/7 446/316/7 158/591/7
f 308/595/7 842/600/7 1460/313/7 839/590/7
f 842/600/7 267/599/7 555/314/7 1460/313/7
f 843/602/7 1461/309/7 746/312/7 266/603/7
f 309/607/7 846/612/7 1461/309/7 843/602/7
f 846/612/7 171/611/7 459/310/7 1461/309/7
f 847/614/7 1462/305/7 745/308/7 265/615/7
f 310/619/7 850/624/7 1462/305/7 847/614/7
f 850/624/7 264/623/7 552/306/7 1462/305/7
f 851/626/7 1463/301/7 458/304/7 170/627/7
f 311/631/7 854/636/7 1463/301/7 851/626/7
f 854/636/7 263/635/7 551/302/7 1463/301/7
f 855/638/7 1464/297/7 742/300/7 262/639/7
f 312/643/7 858/648/7 1464/297/7 855/638/7
f 858/648/7 172/647/7 460/298/7 1464/297/7
f 859/650/7 1465/293/7 741/296/7 261/651/7
f 313/655/7 862/660/7 1465/293/7 859/650/7
f 862/660/7 260/659/7 548/294/7 1465/293/7
f 863/662/7 1466/289/7 605/292/7 125/663/7
f 314/667/7 866/672/7 1466/289/7 863/662/7
f 866/672/7 259/671/7 547/290/7 1466/289/7
f 867/674/7 1467/285/7 738/288/7 258/675/7
f 315/679/7 870/684/7 1467/285/7 867/674/7
f 870/684/916 101/683/916 581/286/916 1467/285/916
f 871/686/7 1468/281/7 737/284/7 257/687/7
f 316/691/7 874/696/7 1468/281/7 871/686/7
f 874/696/7 256/695/7 544/282/7 1468/281/7
f 875/698/7 1469/277/7 606/280/7 126/699/7
f 317/703/7 878/708/7 1469/277/7 875/698/7
f 878/708/7 255/707/7 543/278/7 1469/277/7
f 879/710/917 1470/273/917 734/276/917 254/711/917
f 318/715/918 882/720/918 1470/273/918 879/710/918
f 882/720/919 175/719/919 463/274/919 1470/273/919
f 883/722/920 1471/269/920 733/272/920 253/723/920
f 319/727/921 886/732/921 1471/269/921 883/722/921
f 886/732/922 252/731/922 540/270/922 1471/269/922
f 887/734/923 1472/265/923 457/268/923 169/735/923
f 320/739/924 890/744/924 1472/265/924 887/734/924
f 890/744/925 251/743/925 539/266/925 1472/265/925
f 891/746/926 1473/261/926 730/264/926 250/747/926
f 321/751/927 894/756/927 1473/261/927 891/746/927
f 894/756/928 176/755/928 464/262/928 1473/261/928
f 895/758/929 1474/257/929 729/260/929 249/759/929
f 322/763/930 898/768/930 1474/257/930 895/758/930
f 898/768/931 248/767/931 536/258/931 1474/257/931
f 899/770/932 1475/253/932 609/256/932 129/771/932
f 323/775/933 902/780/933 1475/253/933 899/770/933
f 902/780/934 247/779/934 535/254/934 1475/253/934
f 903/782/935 1476/249/935 726/252/935 246/783/935
f 324/787/936 906/792/936 1476/249/936 903/782/936
f 906/792/937 106/791/937 586/250/937 1476/249/937
f 907/794/938 1477/245/938 725/248/938 245/795/938
f 325/799/939 910/804/939 1477/245/939 907/794/939
f 910/804/940 244/803/940 532/246/940 1477/245/940
f 911/806/941 1478/241/941 610/244/941 130/807/941
f 326/811/942 914/816/942 1478/241/942 911/806/942
f 914/816/943 243/815/943 531/242/943 1478/241/943
f 915/818/357 1479/237/357 722/240/357 242/819/357
f 327/823/357 918/828/357 1479/237/357 915/818/357
f 918/828/54 179/827/54 467/238/54 1479/237/54
f 919/830/677 1480/233/677 721/236/677 241/831/677
f 328/835/683 922/840/683 1480/233/683 919/830/683
f 922/840/53 240/839/53 528/234/53 1480/233/53
f 923/842/944 1481/229/944 448/232/944 160/843/944
f 329/847/945 926/852/945 1481/229/945 923/842/945
f 926/852/946 239/851/946 527/230/946 1481/229/946
f 927/854/360 1482/225/360 718/228/360 238/855/360
f 330/859/360 930/864/360 1482/225/360 927/854/360
f 930/864/51 180/863/51 468/226/51 1482/225/51
f 931/866/947 1483/221/947 717/224/947 237/867/947
f 331/871/948 934/876/948 1483/221/948 931/866/948
f 934/876/949 236/875/949 524/222/949 1483/221/949
f 935/878/950 1484/217/950 613/220/950 133/879/950
f 332/883/950 938/888/950 1484/217/950 935/878/950
f 938/888/49 235/887/49 523/218/49 1484/217/49
f 939/890/951 1485/213/951 714/216/951 234/891/951
f 333/895/952 942/900/952 1485/213/952 939/890/952
f 942/900/14 170/899/14 458/214/14 1485/213/14
f 943/902/651 1486/209/651 713/212/651 233/903/651
f 334/907/953 946/912/953 1486/209/953 943/902/953
f 946/912/48 232/911/48 520/210/48 1486/209/48
f 947/914/806 1487/205/806 614/208/806 134/915/806
f 335/919/650 950/924/650 1487/205/650 947/914/650
f 950/924/47 231/923/47 519/206/47 1487/205/47
f 951/926/954 1488/201/954 710/204/954 230/927/954
f 336/931/955 954/936/955 1488/201/955 951/926/955
f 954/936/956 183/935/956 471/202/956 1488/201/956
f 955/938/957 1489/197/957 709/200/957 229/939/957
f 337/943/958 958/948/958 1489/197/958 955/938/958
f 958/948/959 228/947/959 516/198/959 1489/197/959
f 959/950/960 1490/193/960 588/196/960 108/951/960
f 338/955/961 962/960/961 1490/193/961 959/950/961
f 962/960/962 227/959/962 515/194/962 1490/193/962
f 963/962/963 1491/189/963 706/192/963 226/963/963
f 339/967/964 966/972/964 1491/189/964 963/962/964
f 966/972/965 184/971/965 472/190/965 1491/189/965
f 967/974/966 1492/185/966 705/188/966 225/975/966
f 340/979/967 970/984/967 1492/185/967 967/974/967
f 970/984/968 224/983/968 512/186/968 1492/185/968
f 971/986/969 1493/181/969 617/184/969 137/987/969
f 341/991/970 974/996/970 1493/181/970 971/986/970
f 974/996/971 223/995/971 511/182/971 1493/181/971
f 975/998/972 1494/177/972 702/180/972 222/999/972
f 342/1003/973 978/1008/973 1494/177/973 975/998/973
f 978/1008/3 167/1007/3 455/178/3 1494/177/3
f 979/1010/974 1495/173/974 701/176/974 221/1011/974
f 343/1015/975 982/1020/975 1495/173/975 979/1010/975
f 982/1020/976 220/1019/976 508/174/976 1495/173/976
f 983/1022/977 1496/169/977 618/172/977 138/1023/977
f 344/1027/978 986/1032/978 1496/169/978 983/1022/978
f 986/1032/979 219/1031/979 507/170/979 1496/169/979
f 987/1034/980 1497/165/980 698/168/980 218/1035/980
f 345/1039/567 990/1044/567 1497/165/567 987/1034/567
f 990/1044/38 187/1043/38 475/166/38 1497/165/38
f 991/1046/555 1498/161/555 697/164/555 217/1047/555
f 346/1051/561 994/1056/561 1498/161/561 991/1046/561
f 994/1056/198 216/1055/198 504/162/198 1498/161/198
f 995/1058/981 1499/157/981 585/160/981 105/1059/981
f 347/1063/981 998/1068/981 1499/157/981 995/1058/981
f 998/1068/36 215/1067/36 503/158/36 1499/157/36
f 999/1070/399 1500/153/399 694/156/399 214/1071/399
f 348/1075/399 1002/1080/399 1500/153/399 999/1070/399
f 1002/1080/35 188/1079/35 476/154/35 1500/153/35
f 1003/1082/982 1501/149/982 693/152/982 213/1083/982
f 349/1087/982 1006/1092/982 1501/149/982 1003/1082/982
f 1006/1092/206 212/1091/206 500/150/206 1501/149/206
f 1007/1094/983 1502/145/983 621/148/983 141/1095/983
f 350/1099/983 1010/1104/983 1502/145/983 1007/1094/983
f 1010/1104/33 211/1103/33 499/146/33 1502/145/33
f 1011/1106/984 1503/141/984 690/144/984 210/1107/984
f 351/1111/985 1014/1116/985 1503/141/985 1011/1106/985
f 1014/1116/2 164/1115/2 452/142/2 1503/141/2
f 1015/1118/986 1504/137/986 689/140/986 209/1119/986
f 352/1123/522 1018/1128/522 1504/137/522 1015/1118/522
f 1018/1128/32 208/1127/32 496/138/32 1504/137/32
f 1019/1130/846 1505/133/846 622/136/846 142/1131/846
f 353/1135/987 1022/1140/987 1505/133/987 1019/1130/987
f 1022/1140/988 207/1139/988 495/134/988 1505/133/988
f 1023/1142/989 1506/129/989 686/132/989 206/1143/989
f 354/1147/990 1026/1152/990 1506/129/990 1023/1142/990
f 1026/1152/991 191/1151/991 479/130/991 1506/129/991
f 1027/1154/992 1507/125/992 685/128/992 205/1155/992
f 355/1159/993 1030/1164/993 1507/125/993 1027/1154/993
f 1030/1164/994 204/1163/994 492/126/994 1507/125/994
f 1031/1166/995 1508/121/995 582/124/995 102/1167/995
f 356/1171/996 1034/1176/996 1508/121/996 1031/1166/996
f 1034/1176/997 203/1175/997 491/122/997 1508/121/997
f 1035/1178/998 1509/117/998 682/120/998 202/1179/998
f 357/1183/999 1038/1188/999 1509/117/999 1035/1178/999
f 1038/1188/1000 192/1187/1000 480/118/1000 1509/117/1000
f 1039/1190/1001 1510/113/1001 681/116/1001 201/1191/1001
f 358/1195/1002 1042/1200/1002 1510/113/1002 1039/1190/1002
f 1042/1200/1003 200/1199/1003 488/114/1003 1510/113/1003
f 1043/1202/1004 1511/109/1004 625/112/1004 145/1203/1004
f 359/1207/1005 1046/1212/1005 1511/109/1005 1043/1202/1005
f 1046/1212/1006 199/1211/1006 487/110/1006 1511/109/1006
f 1047/1214/1007 1512/105/1007 678/108/1007 198/1215/1007
f 360/1219/1008 1050/1224/1008 1512/105/1008 1047/1214/1008
f 1050/1224/237 161/1223/237 449/106/237 1512/105/237
f 1051/1226/1009 1513/101/1009 677/104/1009 197/1227/1009
f 361/1231/1010 1054/1236/1010 1513/101/1010 1051/1226/1010
f 1054/1236/1011 196/1235/1011 484/102/1011 1513/101/1011
f 1055/1238/1012 1514/97/1012 626/100/1012 146/1239/1012
f 362/1243/1013 1058/1248/1013 1514/97/1013 1055/1238/1013
f 1058/1248/1014 195/1247/1014 483/98/1014 1514/97/1014
f 1059/1250/1015 1515/93/1015 674/96/1015 194/1251/1015
f 363/1255/1016 1062/1260/1016 1515/93/1016 1059/1250/1016
f 1062/1260/24 113/1259/24 401/94/24 1515/93/24
f 1063/1262/1017 1516/89/1017 673/92/1017 193/1263/1017
f 364/1267/1018 1066/1272/1018 1516/89/1018 1063/1262/1018
f 1066/1272/1019 144/1271/1019 432/90/1019 1516/89/1019
f 1067/1274/1020 1517/85/1020 630/88/1020 150/1275/1020
f 365/1279/1021 1070/1284/1021 1517/85/1021 1067/1274/1021
f 1070/1284/1022 143/1283/1022 431/86/1022 1517/85/1022
f 1071/1286/1023 1518/81/1023 670/84/1023 190/1287/1023
f 366/1291/1024 1074/1296/1024 1518/81/1024 1071/1286/1024
f 1074/1296/2 116/1295/2 404/82/2 1518/81/2
f 1075/1298/567 1519/77/567 669/80/567 189/1299/567
f 367/1303/567 1078/1308/567 1519/77/567 1075/1298/567
f 1078/1308/18 140/1307/18 428/78/18 1519/77/18
f 1079/1310/395 1520/73/395 633/76/395 153/1311/395
f 368/1315/395 1082/1320/395 1520/73/395 1079/1310/395
f 1082/1320/17 139/1319/17 427/74/17 1520/73/17
f 1083/1322/1025 1521/69/1025 666/72/1025 186/1323/1025
f 369/1327/1026 1086/1332/1026 1521/69/1026 1083/1322/1026
f 1086/1332/3 119/1331/3 407/70/3 1521/69/3
f 1087/1334/1027 1522/65/1027 665/68/1027 185/1335/1027
f 370/1339/1028 1090/1344/1028 1522/65/1028 1087/1334/1028
f 1090/1344/1029 136/1343/1029 424/66/1029 1522/65/1029
f 1091/1346/1030 1523/61/1030 636/64/1030 156/1347/1030
f 371/1351/1031 1094/1356/1031 1523/61/1031 1091/1346/1031
f 1094/1356/1032 135/1355/1032 423/62/1032 1523/61/1032
f 1095/1358/1033 1524/57/1033 662/60/1033 182/1359/1033
f 372/1363/1034 1098/1368/1034 1524/57/1034 1095/1358/1034
f 1098/1368/14 122/1367/14 410/58/14 1524/57/14
f 1099/1370/360 1525/53/360 661/56/360 181/1371/360
f 373/1375/360 1102/1380/360 1525/53/360 1099/1370/360
f 1102/1380/13 132/1379/13 420/54/13 1525/53/13
f 1103/1382/356 1526/49/356 400/52/356 112/1383/356
f 374/1387/356 1106/1392/356 1526/49/356 1103/1382/356
f 1106/1392/12 131/1391/12 419/50/12 1526/49/12
f 1107/1394/1035 1527/45/1035 658/48/1035 178/1395/1035
f 375/1399/1036 1110/1404/1036 1527/45/1036 1107/1394/1036
f 1110/1404/1037 154/1403/1037 634/46/1037 1527/45/1037
f 1111/1406/1038 1528/41/1038 657/44/1038 177/1407/1038
f 376/1411/1039 1114/1416/1039 1528/41/1039 1111/1406/1039
f 1114/1416/1040 128/1415/1040 416/42/1040 1528/41/1040
f 1115/1418/1041 1529/37/1041 409/40/1041 121/1419/1041
f 377/1423/1042 1118/1428/1042 1529/37/1042 1115/1418/1042
f 1118/1428/1043 127/1427/1043 415/38/1043 1529/37/1043
f 1119/1430/7 1530/33/7 654/36/7 174/1431/7
f 378/1435/7 1122/1440/7 1530/33/7 1119/1430/7
f 1122/1440/1044 149/1439/1044 629/34/1044 1530/33/1044
f 1123/1442/7 1531/29/7 653/32/7 173/1443/7
f 379/1447/7 1126/1452/7 1531/29/7 1123/1442/7
f 1126/1452/7 124/1451/7 412/30/7 1531/29/7
f 1127/1454/7 1532/25/7 410/28/7 122/1455/7
f 380/1459/7 1130/1464/7 1532/25/7 1127/1454/7
f 1130/1464/7 123/1463/7 411/26/7 1532/25/7
f 1131/1466/7 1533/21/7 398/24/7 110/1467/7
f 381/1471/7 1134/1476/7 1533/21/7 1131/1466/7
f 1134/1476/1045 161/1475/1045 641/22/1045 1533/21/1045
f 1135/1478/1046 1534/17/1046 397/20/1046 109/1479/1046
f 382/1483/1047 1138/1488/1047 1534/17/1047 1135/1478/1047
f 1138/1488/1048 166/1487/1048 646/18/1048 1534/17/1048
f 1139/1490/1049 1535/13/1049 388/16/1049 100/1491/1049
f 383/1495/1050 1142/1500/1050 1535/13/1050 1139/1490/1050
f 1142/1500/14 110/1499/14 398/14/14 1535/13/14
f 1143/1502/1051 1536/9/1051 648/12/1051 168/1503/1051
f 384/1507/1052 1146/1512/1052 1536/9/1052 1143/1502/1052
f 1146/1512/3 107/1511/3 395/10/3 1536/9/3
f 1147/1514/1053 1537/5/1053 645/8/1053 165/1515/1053
f 385/1519/1054 1150/1524/1054 1537/5/1054 1147/1514/1054
f 1150/1524/2 104/1523/2 392/6/2 1537/5/2
f 1151/1526/1055 1538/1/1055 642/4/1055 162/1527/1055
f 386/1531/1056 1154/1536/1056 1538/1/1056 1151/1526/1056
f 1154/1536/1 101/1535/1 389/2/1 1538/1/1
